exp,cg13533245,cg01126010,cg15843044,cg01861827,cg13958452,cg13533303,cg13533310,cg13533317,cg13533352,cg13533354,cg13533361,cg13533362,cg01589155,cg05151778,cg05990720,cg23074747,cg13533397,cg11613875,cg03854581,cg13533404,cg14363787,cg13533410,cg01589701
no,2.638936531,0.722436992,2.597941771,2.740759307,2.942142456,3.287652968,-2.75309947,-2.66615392,-2.572248218,-4.13561919,-3.256439288,-1.860833183,-1.737122592,-2.765946386,-3.401228995,-3.801619494,-3.053630686,-3.040293294,-3.269295467,-3.253558208,-4.069401791,-2.801099105,-1.468104385
no,2.470414704,1.744835085,2.680620621,2.296964456,2.495147879,2.559659783,-2.119380916,-2.536129416,-3.183964818,-3.572509698,-3.919552169,-2.806698175,-1.859539664,-2.897977587,-3.114950501,-3.708588444,-3.149437985,-3.389060708,-3.271959557,-3.192198319,-3.364639855,-2.232568491,-1.919552935
expanded,2.876932032,1.905691054,2.579709044,2.46230969,2.750821268,2.46177857,-2.269392175,-2.959399016,-3.054664168,-3.897128016,-3.658046711,-2.298750575,-1.219403991,-3.164790935,-3.281662134,-3.580219518,-2.97475174,-2.096408694,-3.094906041,-3.181447226,-3.706112822,-2.089399528,-0.380641731
no,2.354073526,1.148250987,2.706305735,2.721373778,2.680518167,2.576191151,-2.67327303,-3.120113329,-2.817168938,-3.772851022,-3.868362585,-2.652561027,-1.87220929,-2.952702691,-3.582437891,-3.438749048,-3.14852693,-2.806997978,-3.306871222,-3.146177596,-3.653098474,-2.710162085,-1.082141932
no,2.503229807,1.138961985,2.585286477,2.627320625,2.721116545,3.069659536,-2.786495664,-2.905116668,-3.00216277,-3.665036801,-3.765695837,-3.401033731,-2.067704738,-3.765043771,-3.501150205,-3.717662075,-3.267189651,-2.871100375,-3.813297827,-3.070276242,-3.709270837,-2.255484006,-1.737158953
no,2.672433218,1.909941308,2.535522715,3.33640029,2.825488413,2.515649594,-2.596837569,-3.069509773,-2.88692175,-3.257602392,-3.588644084,-2.517221071,-2.636018791,-3.096198868,-3.872434029,-3.334007886,-3.344362421,-3.213408268,-3.387540288,-3.013921146,-3.93617813,-1.890688411,-0.665389046
no,2.589758614,1.626934161,2.750671817,2.782048457,2.628093461,3.171965327,-2.769194319,-2.521563183,-2.848575353,-3.67881228,-3.412859074,-2.74541898,-2.190228473,-2.952803411,-3.755658466,-3.273466426,-3.48159241,-3.580776266,-3.678092415,-2.628526689,-3.007293724,-2.096814056,-1.176847233
no,2.470378008,1.026474054,2.820594824,2.473412376,2.504664064,2.230035876,-2.750490819,-2.7618087,-2.617194375,-3.553283688,-3.802096349,-2.384353724,-2.282321046,-2.881915217,-3.523252669,-3.028980668,-3.014789525,-3.260650565,-3.544101425,-3.04708514,-3.425075688,-2.377715112,-1.143649506
no,2.563091072,1.323057032,2.609273743,2.511655814,2.44295448,2.983584153,-2.639531463,-2.715268777,-2.802172059,-2.983129876,-3.123732777,-1.683374034,-2.420269629,-3.431598837,-3.687278074,-3.780243393,-3.221695004,-3.194211329,-3.551958318,-3.35181682,-3.757168144,-3.053389439,-1.348075724
expanded,1.86700585,1.686914118,2.427932686,2.347126175,2.525619215,2.191205278,-2.553764435,-2.750799236,-2.502631616,-3.517999231,-3.277241888,-2.494247861,-1.577110641,-2.298231083,-2.900388147,-0.56938672,-1.569247472,-0.750473876,-1.544527138,-1.391785006,-1.110015927,0.500868798,0.124737938
no,2.542843965,0.87458301,2.593033572,2.561093111,2.610380646,2.665359103,-2.76997022,-3.267822329,-3.381699211,-3.247650384,-2.839993747,-4.035086643,-2.049683924,-3.209871204,-3.457174805,-3.289871352,-2.770228501,-2.902063383,-3.244179145,-2.968575533,-3.703607607,-2.350383648,-0.934458382
no,2.64377468,1.346703597,2.496811904,2.468215349,3.10938929,3.68247367,-2.653634928,-3.276125215,-3.470628586,-3.278565005,-3.056777537,-2.957804165,-1.967232916,-3.396177285,-3.335576571,-3.569585712,-2.943558842,-2.708677428,-3.97303935,-3.217941268,-3.762446889,-2.17363487,-0.738415682
no,2.482715215,1.313895295,2.858637674,2.569010071,2.671993341,2.751513986,-2.95826503,-2.730220933,-3.388029895,-3.928592839,-3.405694436,-2.485322536,-2.821031684,-3.357215675,-3.868032431,-3.930598438,-3.069848477,-3.279914672,-3.749051177,-3.444712467,-3.593700562,-2.205317305,-1.592081619
no,2.63927707,1.602614883,2.790796593,2.513284239,2.706473594,3.071765824,-2.569744848,-3.074946789,-3.441261406,-3.675374195,-3.865990077,-2.911023676,-2.27575038,-4.298325539,-3.67433736,-3.65975388,-3.199711806,-2.33374444,-3.673361836,-3.155854919,-3.571083924,-2.541519674,-1.253700081
no,2.5560609,1.479119496,2.894756052,2.490563881,2.766500344,2.362098756,-2.267949878,-2.734030924,-2.522785324,-3.563796082,-2.590118128,-2.148746904,-2.887179618,-3.215195909,-3.926673886,-2.692301394,-2.982592603,-2.974675501,-3.626552655,-3.140538585,-3.214617399,-2.333544189,-2.293160327
no,2.119396549,0.505800852,2.646131702,2.705258972,2.868844174,2.578597453,-2.841324516,-2.59375447,-3.42243682,-3.344341269,-3.169182221,-3.058180964,-2.930070458,-2.952958605,-3.672174442,-2.896433886,-3.238596261,-3.038814859,-3.186890839,-2.921819364,-3.512918746,-2.492431326,-0.198969256
expanded,2.702038958,1.026180047,2.449643858,2.747823373,2.677300055,2.748704065,-2.481800546,-2.896900988,-3.272054384,-3.513707939,-3.622398353,-2.660548971,-1.087149318,-2.159954008,-3.592029941,-2.689222659,-3.25555473,-2.705389433,-3.22381794,-3.020548402,-3.792109065,-1.84976431,-0.584124043
no,3.060694207,1.333253103,2.833939919,2.434952752,2.724550958,2.48617076,-2.562409752,-3.072511677,-2.253649779,-3.679445715,-3.063142612,-2.402344819,-2.59380792,-4.209751638,-3.454297812,-3.284008175,-3.3129769,-3.087432336,-3.491417158,-3.133460152,-3.667247153,-2.883315999,-1.473260392
expanded,2.503290784,1.510025541,2.646795494,2.352152063,2.571743219,2.829824357,-2.405217444,-3.72590822,-3.131757897,-3.507947125,-3.192221558,-1.674460861,-0.525663098,-2.820129713,-3.746681212,-2.913821736,-3.117222166,-3.262745728,-3.232165275,-3.071579845,-3.486762044,-1.058013733,-0.287214025
no,2.347681496,1.853442329,3.014969912,3.033430282,3.199768151,2.789422018,-2.422281352,-2.770383909,-3.750566349,-3.316097647,-3.112452947,-3.91994559,-3.021184821,-3.327289108,-3.664249238,-3.484832192,-2.951145451,-2.644661367,-4.147180694,-3.220231325,-3.812793606,-2.388174302,-1.128541969
no,2.56666376,1.674673711,2.312190872,2.570389475,2.81337293,3.368211789,-2.69319898,-2.739095727,-3.707356869,-3.398583018,-3.314025376,-1.899567622,-1.886855247,-2.917453703,-3.473636347,-3.736737241,-3.603736009,-2.75120145,-4.033613447,-3.315272693,-3.642460785,-2.207101452,-1.586362246
no,2.187141189,1.327402243,2.527777543,2.63595975,2.360318793,3.003104035,-2.837582635,-2.838397969,-3.178437813,-3.687849491,-2.925063038,-3.241536138,-2.612359924,-2.681896586,-3.575943862,-3.708282117,-3.058374943,-2.632433456,-2.825304784,-2.919076879,-3.762805341,-2.29464244,-1.583564122
no,2.779838657,1.331699032,2.774427319,2.144383931,2.653704736,2.928801852,-2.681091105,-3.003457636,-2.697105927,-3.59624828,-3.458502736,-3.59339169,-2.2881777,-3.667405802,-3.606644223,-4.533837681,-2.891350297,-2.745681115,-3.446186725,-2.637061638,-3.297193696,-2.108362003,-0.9932376
no,2.640560209,1.187559875,2.598294173,2.617558587,2.580707885,2.708718301,-2.811229147,-3.19846364,-2.764755126,-3.575494426,-2.897284026,-2.444111037,-2.067300791,-3.666081036,-3.453111456,-3.452096471,-3.522567708,-2.612032129,-3.427955611,-3.231053543,-3.602953666,-2.51740119,-1.138403013
no,2.491850979,1.140507244,2.797687493,2.383819118,2.554754246,2.695627348,-2.775625969,-2.825245347,-3.308016848,-3.645732511,-3.166815569,-3.167585365,-2.5078496,-2.708550623,-3.68257787,-3.926165658,-3.114716898,-2.755427295,-3.051698364,-3.05076141,-4.041453472,-2.21179176,-0.640288445
no,2.421660514,0.81088951,2.709897305,2.24629002,2.488840091,2.408325046,-2.815153797,-2.988487308,-2.438196152,-3.85057728,-3.56973093,-3.564190644,-2.001668926,-4.326077579,-3.39620391,-3.681682361,-3.218324604,-2.264651217,-3.011435613,-3.105262032,-4.184684939,-2.328215373,-1.16618492
no,2.848687983,0.98357528,2.567221761,2.929828964,2.294033965,3.046589593,-2.457557757,-2.878375501,-2.518541375,-3.743754417,-2.710207372,-2.810657542,-2.012058976,-3.466683381,-3.59486852,-3.432321574,-3.841562944,-2.242837035,-3.747385243,-3.130828564,-3.763073491,-2.169122421,-1.323478789
expanded,2.633188062,1.411182138,2.831870396,2.544379579,2.686641195,3.14553929,-2.842283389,-2.494556606,-3.630554909,-3.358817438,-3.588225979,-3.120585034,-1.260897186,-2.759065687,-3.668724149,-3.401985054,-3.104084922,-2.988337788,-3.794035984,-2.825823323,-3.549204495,-2.041939011,-0.434737048
no,2.704440052,1.250533974,2.764125718,2.449111631,2.491868695,2.431843702,-2.68135735,-2.852298102,-2.549974105,-3.366626849,-3.165880737,-2.45156059,-2.005534353,-3.266364215,-3.041564681,-3.846736008,-3.398651531,-1.754657402,-3.565956718,-2.67264566,-3.654317235,-2.183918767,-0.668165994
no,2.442033659,1.011989789,2.576514105,2.483227119,2.835210395,2.904189283,-2.855254819,-2.94651588,-2.623029667,-3.347332474,-2.993298927,-2.376626943,-1.677606049,-3.120437759,-3.70812221,-3.902003911,-3.069377574,-1.841141378,-3.603750105,-3.149621615,-3.526918014,-2.629710541,-1.904114752
no,2.390564372,1.93845521,2.842552438,2.6864336,2.643189376,2.831166044,-2.556532312,-2.562760745,-2.770992111,-3.59196818,-3.094893928,-2.272866818,-2.752419299,-3.587183356,-3.758265077,-3.461619714,-3.190111455,-3.082286306,-3.5482454,-3.463332827,-3.499507479,-2.214598663,-1.173221039
no,2.312582946,1.211596001,2.854218944,2.673992521,2.797503732,2.757357855,-2.903621785,-3.024054207,-2.704022641,-3.53172657,-3.130473939,-2.841616442,-2.650548695,-2.717578584,-3.422558405,-3.38884906,-3.332901876,-2.745549169,-3.053390083,-2.68746007,-3.395418062,-1.954699998,-0.741755723
expanded,2.422111385,1.464491891,2.876213877,2.166958277,2.793034609,2.773406921,-2.416209433,-2.904241206,-2.693267314,-3.915155247,-2.86967366,-2.516999397,-1.024035699,-3.068614125,-3.566371927,-2.911615646,-2.943722262,-2.528510448,-3.567552718,-2.82280626,-3.128578762,-1.114027714,-0.403014523
no,2.094729804,2.213644713,3.003034441,3.116902632,3.067805146,2.825139506,-2.819262871,-2.80004353,-2.780971983,-3.41935295,-2.939828559,-2.870161932,-2.177509475,-3.567068254,-3.668040367,-4.37712442,-3.027629719,-2.746270972,-3.389168197,-2.953995519,-3.525357031,-2.525257399,-1.463034996
no,2.764180933,2.138903266,2.763728995,2.259693678,2.868914904,2.898161668,-2.427039494,-3.347303488,-2.567790075,-3.706346123,-3.537404302,-2.491038841,-2.490828894,-3.350857363,-3.529326465,-4.08990172,-3.341937091,-2.897811759,-3.523269839,-3.159405807,-3.838828617,-1.944280741,-1.053565556
no,2.297706841,1.686509539,2.91172,2.669237462,2.205286947,2.515569491,-2.466291347,-3.10843198,-3.499657288,-3.980006365,-3.265333519,-3.067753966,-2.814923996,-3.25498267,-3.775947903,-3.481291413,-3.695220482,-2.589311655,-3.10137297,-3.051894897,-3.26186957,-1.571740238,-1.376622129
no,2.655171874,2.189559989,3.080570888,2.716375868,2.892370499,2.938632391,-2.338421422,-3.15921671,-3.189647218,-3.715276703,-3.186885945,-3.439399717,-2.104820509,-2.699136938,-3.596532522,-4.115013979,-3.333310505,-2.493597648,-3.348944094,-2.88193397,-3.746535425,-2.266714887,-1.589293781
no,2.660730008,1.410626175,2.650482585,2.141437406,2.691185167,3.249193202,-2.834475484,-2.612694923,-2.535010397,-3.863512774,-3.6624704,-2.634561815,-2.244074845,-3.323388647,-3.569533239,-3.12521973,-3.013082038,-2.861891462,-3.462788681,-3.136229643,-3.638079051,-2.302442018,-1.287770436
no,2.516966254,1.200026127,2.629036308,2.416512439,2.565700982,2.773664503,-2.596790317,-3.618307388,-2.83176783,-3.551721672,-3.780609369,-2.095106361,-2.474069215,-3.732171203,-3.584606589,-3.861768357,-2.973142506,-3.086271786,-3.703544152,-2.851222665,-3.841401475,-2.303837846,-1.726341016
no,2.806498331,0.903073214,2.899458306,2.341847814,2.488191541,2.344372755,-2.711358295,-2.972910987,-3.053485159,-3.380858779,-3.015138551,-2.830752219,-2.303312733,-2.327942083,-3.678801241,-2.76645971,-2.997522187,-2.784193226,-3.216596786,-3.075843664,-3.906716324,-1.897642923,-0.774959273
no,2.193894702,0.646322604,2.546778708,2.260758963,2.58881059,2.492439854,-2.723325906,-3.257923846,-3.073579878,-3.331134644,-3.167333637,-2.690411332,-1.978830628,-3.995798248,-3.668421866,-3.514063147,-2.810523047,-2.954556373,-3.34218897,-3.241952156,-3.823426298,-3.109613617,-1.887705208
no,2.320504726,1.082148121,2.993630171,2.275453248,2.950114555,2.616752504,-2.684085476,-2.935109816,-2.664226099,-3.591688891,-3.973569029,-2.761029196,-2.515595098,-4.36445373,-3.661691485,-4.203092921,-3.229662865,-2.894562748,-3.274802294,-2.899805949,-3.575206741,-2.348004654,-2.050109965
no,2.359401399,1.058500674,2.823672168,2.622779,2.68838165,3.318582334,-2.674868278,-2.578840964,-2.479043461,-3.67909475,-3.589715343,-2.289115503,-1.424195419,-3.289294534,-3.604699056,-3.62764299,-2.845096102,-3.089805649,-3.526562783,-3.30796438,-3.861414187,-2.933073251,-1.295976194
no,2.716280604,1.177893555,2.576559473,3.333850249,2.641669947,3.10347813,-2.70036413,-2.671084161,-2.913953028,-3.507718644,-2.635392676,-2.827728768,-2.074564412,-3.584293716,-3.453090376,-3.148476186,-3.007790184,-2.358104322,-3.356437165,-2.983379466,-3.620464711,-2.275215984,-1.315745969
no,2.559199308,1.330495476,2.630879422,2.431354794,2.599279122,2.674189969,-2.660977669,-3.179676019,-3.451224302,-3.700217382,-3.052218886,-2.639494207,-1.979371305,-2.022556029,-3.500591908,-3.784079173,-2.859771745,-2.547693382,-3.703133946,-2.867714506,-3.47229813,-2.343431403,-0.766784187
no,2.359965112,1.104364421,2.308867015,2.25376576,2.553660711,2.800746561,-2.61847199,-2.889249923,-2.5546453,-3.387769578,-3.56988015,-2.76184689,-3.146203972,-3.239072159,-3.719588317,-3.555575772,-3.046946103,-2.833199631,-3.386677814,-2.872013022,-3.745112459,-2.812124516,-0.987918558
expanded,2.41743352,1.474671072,2.830017112,2.268029795,2.715530904,2.618307756,-2.544397757,-3.106051875,-3.807230161,-3.455037188,-3.089700251,-2.388944203,-1.556774046,-2.431441906,-3.731287446,-1.924595369,-3.112119129,-3.182513704,-2.86508633,-2.384244904,-2.670634426,0.3409252,0.034624243
no,1.98924434,1.209426733,2.643217439,2.406817998,2.600850478,2.910840357,-2.723723454,-2.808851942,-2.770289136,-3.42085605,-3.608743748,-2.161404092,-2.486046522,-3.329961337,-3.538721929,-3.487489584,-3.247635717,-2.393987138,-3.588101043,-2.991781782,-3.651897465,-2.477371608,-1.195484818
no,2.674898725,1.215204887,2.440001666,2.507490485,2.380984778,2.854966461,-2.650802293,-3.172284771,-2.744680602,-3.415462076,-3.533077818,-1.972382577,-2.90918985,-3.294814803,-3.607159885,-3.686885063,-3.148900928,-2.576075682,-3.539729583,-2.720661343,-3.543133936,-2.316973361,-1.502347321
no,2.364923724,1.189728424,2.743724465,2.574168475,2.608366419,2.651480655,-2.696226344,-3.171622855,-2.943802828,-3.772626532,-3.253353988,-2.806614916,-1.807919411,-2.65753348,-3.528382503,-2.929215014,-3.301971612,-3.030452183,-3.365828608,-3.363054665,-3.44807505,-2.315152371,-1.448918301
no,2.688060053,1.286303529,2.62932533,2.470234587,2.479035471,2.069157234,-2.532156147,-2.87558568,-3.095971521,-3.236405043,-3.423723614,-2.553661736,-2.063181967,-3.149251466,-3.530888803,-3.404024167,-2.629375694,-2.646485788,-3.787450774,-2.71393032,-3.26649016,-2.384193491,-0.81452463
expanded,2.369462511,1.782311385,2.613160724,2.290922995,2.688612688,2.622956186,-2.922401332,-3.095422998,-2.813143421,-3.638440354,-3.474731017,-2.327204774,-1.635915086,-2.007217015,-3.517258853,-3.815048676,-3.142250677,-2.845624032,-3.594252902,-2.871532424,-3.58941286,-1.545996191,-0.582854538
no,2.624995609,0.804012815,2.605341741,2.423607117,2.588800922,2.92094002,-2.876739457,-3.445851529,-2.715446519,-3.577958592,-3.227012742,-2.243523549,-1.07377952,-2.150231454,-3.835238402,-3.450395844,-3.1541614,-3.666522865,-3.666802582,-3.226180516,-3.658616967,-2.155498675,-2.142474758
no,2.306292344,1.986474752,2.788849997,2.725787058,2.774438689,2.684060116,-2.216510929,-2.901008225,-3.144027146,-3.383290585,-2.938426027,-2.326179593,-1.879080201,-2.354368648,-3.436968524,-3.38864724,-3.039024189,-2.835905097,-3.595433184,-2.736111921,-3.896050513,-2.181348683,-0.747754907
no,2.421522446,1.22574656,2.57928833,2.344228511,2.591381076,2.70015651,-2.508055783,-3.717420719,-2.450719025,-3.58030478,-3.275207695,-2.03823712,-1.667234062,-3.492072582,-3.430029964,-3.556934335,-2.948619411,-2.327476423,-3.623698175,-3.261483139,-3.806182586,-2.181284804,-1.013250337
no,2.131424993,0.957700016,2.75491002,2.604855135,2.213318156,2.922056274,-2.703842402,-2.696325573,-2.842676015,-3.874105376,-3.413194814,-2.998619227,-2.033684249,-3.481892622,-3.269249885,-3.949158908,-2.971373845,-2.138398726,-3.714147325,-2.677484333,-3.664861548,-2.207248171,-1.09968583
no,2.458957582,1.216754231,2.454963215,2.780759053,2.788072932,3.073641145,-2.67042717,-2.690633819,-2.521407642,-3.800345554,-3.406426569,-2.602768051,-2.60563917,-3.001096546,-3.574609484,-3.854797735,-3.134885589,-3.17640895,-3.445841365,-2.874087069,-3.894414482,-2.57369479,-1.01717535
no,2.611805083,1.386996016,2.402860596,2.748917682,2.632902562,2.702166309,-2.500759831,-3.147335823,-3.30495047,-3.614473635,-3.082422016,-2.671368075,-2.669313845,-4.018088086,-3.647161938,-3.483390421,-2.972562161,-2.958983489,-3.664742361,-2.976342127,-3.556344926,-3.220218807,-0.98439922
no,2.436123962,2.349465386,2.617415661,2.215725298,2.950695388,2.865374819,-2.295462225,-2.33541401,-2.551427219,-3.361201837,-3.554880901,-2.243223236,-2.573418283,-3.305182004,-3.652380306,-3.787268308,-2.929870319,-2.507671362,-3.15898329,-3.471559865,-3.391690809,-2.869650895,-1.642269993
no,2.466175695,1.877499795,2.896223914,2.174162401,2.714328558,2.430669205,-2.872092327,-3.198919583,-2.135276518,-3.556141894,-3.346042794,-2.842230408,-1.532831843,-3.525464611,-3.732631222,-3.668909771,-2.949978481,-2.837957516,-3.905842838,-3.209162686,-3.621432506,-2.452812877,-1.990547539
no,2.62130758,1.188363682,2.455493331,2.404659511,2.402004481,3.257045638,-2.499865752,-2.849013178,-3.070736057,-3.781177083,-3.045662453,-3.237026753,-2.759900881,-2.352610914,-3.582270675,-3.649753909,-3.272033016,-2.430214537,-3.591530333,-2.938169475,-3.657905346,-2.313342199,-1.614032122
expanded,2.319839516,1.478186217,2.540404618,2.21682534,2.440238642,2.653031366,-2.441727338,-2.869083384,-2.62225427,-3.569919737,-2.844973349,-2.707211277,-1.748440957,-2.855870808,-3.838222572,-2.321156267,-3.268018409,-2.062350948,-2.875398087,-3.143687517,-3.43410386,-0.889723252,0.028946005
expanded,2.44874058,1.326158705,2.699115721,2.273630482,3.004715243,2.67791253,-2.607640514,-3.159503381,-3.169076218,-3.902797559,-3.142735409,-2.156783943,-0.719297,-2.084299713,-3.36520502,-0.617835067,-1.894751763,-2.601364986,-2.151881721,-1.586366481,-1.913068385,-0.004420512,-0.300780751
no,2.590919318,1.618656151,2.589110975,3.098334572,2.799063345,2.573175427,-2.403368014,-2.940154051,-2.99913528,-3.217607513,-2.704108971,-3.045672377,-2.936762142,-3.084898331,-3.596430117,-3.968033014,-2.916869467,-3.369384009,-3.985297949,-3.471468058,-3.587547978,-2.069291067,-0.773255663
no,2.477164711,1.356582565,2.328392753,2.578857623,2.47964602,3.136811797,-2.695354741,-3.252222798,-2.036199948,-3.322371852,-3.458056329,-2.593517048,-2.163579602,-2.457906197,-3.665241824,-4.314401628,-3.085113482,-2.861327578,-3.758402033,-3.130424723,-3.440204159,-2.193629723,-1.074366379
no,2.503067172,1.8008091,2.511391199,2.084256603,2.544058806,2.785891758,-2.60059513,-2.794543119,-2.639998108,-3.564070361,-3.353224103,-2.655334861,-2.729421057,-3.076520195,-3.791768677,-3.528536807,-3.360728879,-2.765803607,-3.451956231,-2.947429025,-3.434909123,-1.805994676,-1.288596134
no,2.705645185,1.294763713,2.74227602,2.8600976,2.288027333,2.854989143,-2.555671219,-2.594920808,-3.792937923,-3.48700386,-3.131062596,-2.789042557,-1.776383616,-1.967006438,-3.46726364,-3.39053036,-3.116764272,-2.490705493,-3.493845531,-3.449433256,-3.570086394,-2.201549295,-1.831567655
no,2.790893666,1.718746259,2.707489571,2.316403498,2.409219746,2.974521222,-2.811036152,-3.430815026,-3.031127268,-3.351801441,-2.949478116,-3.170786947,-1.844829013,-3.464257112,-3.612090286,-3.757274273,-3.047186069,-2.736898284,-3.32569699,-3.34592715,-3.878841971,-2.56440145,-1.244050972
no,2.483527108,0.951702777,2.81227135,2.410223177,2.603611414,2.823662164,-2.700399823,-2.262428809,-1.812082419,-3.588888455,-3.224054314,-1.994797595,-1.872971269,-3.15347706,-3.78816655,-3.434532542,-3.07517923,-2.951105358,-3.388709169,-3.244928489,-3.429013891,-2.472672697,-1.276830968
no,2.67572942,1.108641104,2.839916702,2.457490895,2.496671722,2.607268088,-2.633817629,-3.211192553,-2.878917936,-3.755969699,-3.193507498,-2.336213908,-1.990327249,-3.465865145,-3.448997117,-3.372723034,-3.258239621,-2.823868135,-3.486667324,-2.808205502,-3.756276299,-2.729782031,-0.73792791
expanded,2.023248364,1.229864842,2.685258623,2.880324191,3.073834343,2.785140811,-2.777955171,-3.013009853,-2.721702415,-3.646727587,-3.237521455,-2.217797057,-0.51884438,-3.384449298,-3.490546762,-3.902664946,-3.237087066,-2.973275345,-3.455116966,-2.518809178,-3.596265893,-1.86898878,-0.885274172
no,2.289559016,1.713834002,2.965231202,2.645163459,2.724481194,3.039506316,-2.593344938,-2.743208997,-3.239706232,-3.327653408,-3.012627312,-3.201827799,-2.526278349,-3.245209233,-3.545040307,-3.02226993,-3.253894485,-3.005804054,-3.649300926,-2.95774867,-3.517061367,-2.186794609,-1.549044417
no,2.891542516,1.844794534,2.39998224,2.254307624,3.064792908,2.855201894,-2.684384529,-3.298843295,-2.89989534,-3.063173577,-3.055117485,-2.915179346,-2.066294638,-2.669530591,-3.633932577,-3.316231592,-3.180626266,-3.216425594,-3.617882059,-3.761770179,-3.699435299,-1.999716671,-0.908041299
no,2.904832835,1.459457267,2.450338263,2.580378967,2.439167101,2.647703265,-2.685679959,-2.78493753,-3.362941856,-3.825045137,-3.59288382,-2.746371743,-2.48090896,-4.062132683,-3.99216773,-3.003857854,-3.188304211,-3.61016673,-3.452842306,-3.235396518,-3.257521685,-2.149309458,-1.614662154
no,2.660640969,1.327365752,2.390651121,2.224316543,2.841095851,2.318352947,-2.342320198,-3.009273755,-3.160744214,-3.77375588,-3.031098191,-3.010979618,-3.529352074,-4.223573388,-3.746936429,-3.382012863,-3.988816826,-2.486335959,-3.629107462,-2.681536616,-3.444597893,-2.497911344,-0.920506439
expanded,2.249120933,1.787695847,2.681457489,2.844639866,2.510555368,2.685219288,-2.642591461,-2.802769304,-3.252931193,-3.595925002,-2.976852099,-2.565689965,-1.113207184,-1.798519343,-3.35516743,-0.660444949,-1.852048796,-2.539322911,-2.251805596,-1.320953084,-1.667463227,0.504232456,0.102376124
no,2.155157194,1.537526272,2.756384527,2.552129576,2.666175028,2.094056308,-2.531546908,-3.228577017,-2.909031235,-3.515792935,-3.214500849,-3.559218206,-2.196155564,-2.206607481,-3.650868943,-4.099702851,-3.431128102,-2.130309158,-3.702250074,-3.290328665,-3.735370217,-2.521336625,-0.978900824
no,2.331088168,1.574907182,2.575730358,3.174944803,3.005145464,2.971552575,-2.731254026,-3.134654579,-2.843196143,-3.49661221,-3.73802927,-2.336280622,-1.605964877,-3.401912986,-3.492891643,-3.224834991,-3.075606142,-1.94846089,-3.440036551,-2.490262584,-3.859970739,-1.930391903,-1.556172363
expanded,2.979336372,1.032315656,2.756924623,2.530590464,2.208391395,2.819807828,-2.845581421,-3.21563319,-3.428760194,-3.184926979,-2.288594898,-3.375633735,-2.221810519,-2.367404117,-3.558489555,-3.551981715,-3.11382538,-3.308853758,-3.161581154,-2.901442744,-3.508696671,-1.398834861,-0.47725895
no,2.969411714,1.796422532,2.992930792,2.450849351,2.630947371,2.68848385,-2.501829126,-3.436438282,-3.74464802,-3.828614833,-2.530745312,-3.969161554,-2.328314758,-3.035190194,-3.660794465,-3.118782399,-2.911244453,-2.545149506,-3.596917672,-3.151886159,-3.702210847,-2.203212345,-1.535693621
no,2.669070968,1.420665102,2.950572268,2.577128311,2.710644821,2.728858475,-2.522411242,-2.768251057,-2.944530153,-3.225118137,-3.765793797,-2.664435655,-2.045162004,-2.745979856,-3.901616632,-3.494728247,-3.074129368,-2.527086126,-3.067550654,-3.182558849,-3.606172438,-2.717861563,-1.069335709
no,2.601401257,1.138649192,2.789874261,2.043166287,2.434918069,2.531656486,-2.885475327,-2.837509032,-2.830111937,-3.336348009,-3.828524017,-3.100376053,-2.165880746,-3.836814058,-3.251365977,-4.152456018,-3.07951398,-2.462115612,-3.109635169,-2.665367921,-3.760191988,-2.276488253,-1.335699385
expanded,2.370528361,1.546897174,2.55037051,2.842256356,2.817935109,3.000171741,-2.40835676,-3.048481655,-3.122001831,-3.661636997,-3.064759645,-2.120648206,-1.762489357,-2.894681303,-3.467001313,-3.548743786,-3.283228119,-2.79618234,-3.701174502,-3.107066159,-3.368728364,-2.229491904,-0.216466086
no,2.592190821,1.836074492,2.766317729,2.670526825,2.433453683,2.698427776,-2.705349177,-2.750213671,-2.897158043,-4.008119487,-2.741163446,-3.0531711,-2.4229217,-2.554527816,-3.581180614,-3.301846174,-3.190391728,-2.426910074,-3.453976826,-3.066346671,-3.662066508,-1.832696213,-1.739948401
no,2.444082901,1.363047003,2.619709,3.451674199,2.529191535,3.312782662,-2.744922239,-3.167179301,-2.940161486,-4.065491458,-3.171605332,-3.074371197,-1.957453656,-3.37576952,-3.504406678,-3.246389468,-3.061606713,-2.001054536,-3.818811705,-2.615401944,-3.703758053,-2.468879333,-1.119164296
no,2.509779401,1.280813984,2.821866321,2.521045481,2.60958481,2.4015238,-2.382258712,-2.941137354,-3.509321436,-3.545061998,-2.537895129,-3.490727594,-2.852616101,-2.728572836,-3.636819484,-2.93291705,-3.107900935,-2.341357126,-3.35470933,-3.497671584,-3.60526234,-2.333394461,-1.170663357
no,2.424107142,1.338965934,2.832767763,2.789371034,2.648308404,2.989957047,-2.679979478,-3.330211588,-2.569453393,-3.678259196,-3.775404791,-2.528994118,-2.262340307,-3.861059538,-3.459313066,-3.820117454,-3.025897129,-3.261899958,-4.22426347,-2.795578344,-3.453574911,-2.272103488,-1.034719292
no,2.387690644,1.686323099,2.795352985,2.434179735,2.659787112,2.704975178,-2.689889587,-2.941493744,-3.377227345,-3.701727798,-3.013408136,-2.618812227,-2.257879621,-3.801649199,-3.51823352,-3.311683907,-2.961460793,-2.633112541,-3.773493841,-2.972955294,-3.542577912,-2.616165337,-1.166187777
no,2.470083901,1.351693188,2.643278646,2.393937871,2.868365057,3.023878035,-2.77551306,-2.880331142,-3.227838217,-3.541416014,-3.460321815,-2.841518633,-1.810849444,-3.950048359,-3.838974081,-3.891994534,-3.582536107,-2.952276678,-2.61680372,-3.350159216,-3.338145624,-2.050007901,-0.975477842
no,2.486826947,0.88627203,2.479547478,2.52669339,2.486665423,2.83594536,-3.098047514,-2.470269525,-3.20336967,-3.484301534,-3.288324181,-2.597892779,-2.048635172,-2.939312203,-3.489827692,-3.402419712,-3.253394332,-3.497505759,-3.560663356,-3.72125623,-3.569120216,-3.07173126,-0.952449745
no,2.186245842,1.070850701,2.501501376,2.659140767,3.075517858,3.111223183,-2.535574493,-3.107201327,-2.664902003,-3.549213251,-3.583102643,-2.991695118,-2.355382499,-3.228979834,-4.599590563,-3.192048854,-3.146439497,-2.239114203,-3.801576597,-3.074717752,-3.98352861,-1.216908474,-0.300652216
no,2.351098758,1.291400985,2.771908364,2.772425353,2.364678067,3.204179317,-2.796233537,-3.204301088,-3.000806773,-4.181806499,-2.914259865,-2.671034324,-2.625287273,-2.353984588,-3.419461891,-3.276128181,-2.811717699,-2.578166614,-3.538199256,-3.104088616,-3.451504669,-2.312321472,-1.242165949
no,2.374410533,1.620954909,2.654595739,2.617942265,2.960456909,2.094235353,-2.656133137,-2.979338972,-3.152923664,-3.579582727,-4.114795274,-2.16898822,-1.812058305,-3.153663345,-3.336020228,-3.454322612,-3.300624706,-3.277462194,-3.514248653,-3.540536299,-3.91135659,-2.22175177,-1.665555984
no,2.850350418,1.294775593,2.842725847,1.395941799,2.900711752,2.587358006,-2.57586239,-3.094224038,-2.695558129,-3.678711655,-3.581008227,-2.613666286,-2.503164791,-3.616631151,-3.336074248,-2.860903294,-3.247836847,-2.24103484,-3.371656447,-2.839629185,-3.836566462,-2.567415429,-1.385910193
no,2.326247638,0.958544346,2.89220109,2.192691551,2.304386127,2.959268833,-2.922159732,-3.03495158,-2.971524528,-3.50744677,-4.026584324,-3.666571121,-2.221390111,-3.737349855,-3.386820225,-4.570348784,-3.24729739,-2.250212317,-3.573435027,-2.93406315,-3.397721035,-2.667877588,-1.341547679
no,2.690114125,2.279884117,2.640483625,2.724735896,3.066054314,2.974900166,-2.509165376,-2.976454253,-2.616860429,-3.719340088,-3.43973096,-2.059695684,-2.054400982,-3.333992459,-3.502078361,-4.214112194,-3.053160817,-3.088287312,-3.557133448,-2.896332301,-3.667868098,-2.362453295,-1.128598799
no,2.463505019,0.877882113,2.668380328,2.869779607,2.502957642,2.517707864,-2.907088336,-2.412994102,-3.801535218,-3.531028731,-3.62374176,-2.979019967,-1.839218184,-3.897837566,-3.716174074,-3.748380287,-3.093214239,-1.890775196,-3.560298417,-2.864935062,-3.742105266,-2.158154138,-1.41106653
no,2.630868972,1.122210693,2.73270456,2.4584122,2.763786461,3.0080083,-2.561356284,-2.835977917,-2.927739673,-3.650330196,-3.560353331,-1.87905911,-2.177320861,-2.92961466,-3.485047848,-3.623092554,-2.868895738,-3.395889502,-3.197036747,-3.039210718,-3.747051735,-2.367558796,-1.867763144
no,2.451177327,0.748049004,2.774952437,2.568465835,2.484745078,2.973986515,-2.853239976,-2.891508737,-3.400781407,-3.312686975,-3.254007946,-2.641552117,-1.65305074,-3.514206863,-3.79325196,-3.038545717,-3.137434769,-1.789713797,-3.867171075,-2.781368139,-3.394275431,-1.965561917,-1.559884037
no,2.52134979,1.91097424,3.00075003,2.312768108,2.645831845,2.786972723,-2.714498262,-2.756811331,-2.868272512,-3.620909836,-2.965965787,-2.17082736,-1.656201212,-3.628970412,-3.539743509,-3.87546742,-2.941011839,-3.333257808,-3.202799369,-2.480867764,-3.583627379,-2.561219993,-1.191870455
no,2.434211271,1.77902687,2.559342094,2.343270844,2.635989079,2.497143901,-2.441159635,-2.973160951,-2.464098939,-3.075590509,-3.427514831,-2.471713364,-2.677635409,-2.676577339,-3.600674725,-3.601840873,-3.484070668,-3.403820431,-3.745799068,-2.737548284,-3.503519588,-2.420566009,-1.850893856
no,2.642310314,1.243638629,2.687305649,2.526079771,2.993552057,2.793862919,-2.497416282,-3.198104535,-2.86550398,-3.433384704,-3.080640383,-2.093490008,-2.431427104,-3.302471552,-3.732406137,-3.879993755,-3.251958403,-2.534755187,-3.615768687,-3.285563811,-3.606247651,-2.495333285,-1.734526062
no,2.644488191,1.226796769,2.843087843,2.403692282,2.557495455,2.906391237,-2.988246959,-3.106169994,-3.209105066,-3.766748607,-3.099175191,-3.253883459,-2.037349288,-4.451721923,-3.476945085,-3.615939073,-3.110075499,-1.53924058,-3.581245136,-2.826168009,-3.562776256,-2.316761823,-0.827598004
no,2.277296714,1.681367655,2.886730859,2.650768619,2.893884456,2.783700443,-2.307735116,-2.702906145,-2.81190605,-3.467508485,-2.770498231,-2.517342596,-1.980734785,-2.41116093,-3.447966378,-3.126259284,-2.718581344,-2.341533716,-3.443374733,-3.321640574,-3.713584957,-2.670436777,-1.157947424
no,2.271994359,1.504208141,3.108366697,2.393324766,3.185456258,3.126654503,-2.600890349,-2.744908627,-2.550221158,-3.649689367,-3.121991911,-2.621929277,-3.099655749,-3.628501978,-3.674176951,-3.473624042,-3.034137627,-3.02094225,-3.275044637,-2.406063095,-3.458929145,-2.21472792,-1.232906672
no,2.181589748,1.377670124,2.550615316,2.233617486,2.644098878,2.715006336,-2.45951085,-3.086489942,-3.342489958,-3.5274883,-3.329013488,-2.198979975,-2.320976002,-2.891582249,-3.488657686,-3.601727701,-2.983907486,-3.422458025,-3.496925608,-3.441547475,-3.159827783,-2.494219571,-0.861366905
no,2.136318114,1.5748978,2.872270361,2.212506673,2.626751288,2.873099457,-2.921435747,-3.113693558,-3.596018374,-3.692292445,-3.526540328,-2.838375329,-2.08412605,-3.827465718,-3.729252086,-4.130732193,-3.307749562,-2.543792363,-3.537851283,-3.061602163,-3.464634302,-1.982875741,-1.519085557
no,2.174230014,1.450520282,2.360106131,2.691358807,2.746954985,2.694097434,-2.839395556,-3.23979554,-3.023718129,-3.499246781,-3.457574577,-1.897006998,-2.261598262,-3.669708804,-3.53028093,-4.253987221,-3.263893134,-3.104892211,-3.323983738,-3.568491673,-3.685799987,-2.313390991,-0.879861455
no,2.862057893,1.985091335,2.462188103,2.367735886,3.141861171,2.606138098,-2.444278225,-3.529695497,-2.610969269,-3.615593084,-2.944951485,-2.596249583,-1.982338875,-3.267392618,-3.217844956,-2.960408213,-3.279982487,-2.83915159,-3.144843327,-3.138395106,-3.682023415,-2.270084704,-0.555619601
no,2.668205082,1.869167131,2.772365713,2.802484412,2.892614319,2.769719749,-2.334042699,-2.848556273,-2.844492644,-3.530629983,-3.018522706,-2.728571145,-2.480710291,-3.257869695,-3.70010879,-5.205492366,-3.002410946,-3.165493627,-3.773504652,-2.828572995,-3.753179216,-2.477026796,-0.961304251
expanded,2.533123927,1.211484683,2.694963481,2.843416129,2.378590722,3.382599477,-2.502570386,-3.01573732,-2.631921634,-3.707988197,-3.016842245,-2.721494006,-0.309670978,-2.813834836,-2.95971637,-2.1677719,-3.359794423,-1.980556035,-2.968713885,-2.577163707,-2.861107224,0.469061869,0.516575666
no,2.752755639,1.3043414,2.464450389,2.524272137,3.100517442,2.662131207,-2.942532248,-2.861786187,-3.119242908,-3.561407752,-3.656035188,-2.573246437,-2.065207695,-3.641139073,-3.766445107,-3.503823723,-3.17289063,-2.146454064,-3.930424548,-3.242347258,-3.440594403,-1.832297052,-1.21868041
no,2.906813458,1.567052573,3.11642208,2.551872008,2.221859225,2.859114363,-2.728597838,-3.051972314,-3.165826087,-3.52737778,-3.028261543,-3.485341517,-2.531565146,-3.786480456,-3.42568576,-3.592622169,-3.335584309,-2.83464328,-3.442983391,-2.734919792,-3.508477136,-2.008746104,-0.586425767
no,2.612843247,2.244912482,2.552020281,2.556105238,3.060988652,2.70670048,-2.661323983,-2.951540899,-3.138510195,-3.393650976,-2.975213741,-2.488575485,-2.369419255,-3.08477309,-3.572264626,-3.667749504,-2.751527839,-2.483751462,-3.682272137,-3.044544979,-3.411417604,-2.334670818,-1.437370896
expanded,2.356611264,1.040875566,2.695762015,2.533897039,2.392378091,2.55415031,-2.56306623,-3.192954402,-2.92386099,-3.511909325,-2.764624141,-2.768936463,-1.292212361,-2.421346156,-3.345168419,-2.979107481,-3.182379391,-2.535287936,-3.437241259,-3.194053314,-3.484650884,-1.71585274,-0.257152249
expanded,2.321699951,1.990097118,3.003928593,2.610879405,2.461471099,2.703881766,-2.435664024,-3.139022013,-3.108332382,-3.597016499,-3.219389805,-2.576334872,-1.523004133,-1.992902166,-3.438026484,-2.371645825,-2.84910681,-2.402309284,-2.826395322,-2.516803827,-3.017229768,-1.049456744,-0.166906578
no,2.534873055,1.552071999,2.571898062,2.710505515,2.860533718,2.931142169,-2.549335336,-3.274429802,-2.791326119,-3.618485136,-3.131565932,-1.923267767,-2.263804127,-3.332493858,-3.60506902,-3.417297515,-3.868698157,-3.397197738,-3.749444076,-2.18990578,-3.578280023,-1.994160116,-1.354099417
no,2.263816963,1.620628825,2.601607283,2.518633839,2.680081099,2.901106642,-2.711386189,-2.696042873,-3.676180954,-3.209724145,-3.660284008,-3.147692275,-2.455414163,-3.044397013,-3.496191433,-3.409165417,-3.306605774,-1.662318229,-3.613488235,-2.797788307,-3.381703419,-2.599923969,-1.113526028
no,2.579645624,1.471839773,2.691680905,2.915278924,2.333464197,3.184506594,-2.639334765,-2.985212245,-2.78957737,-3.644195659,-3.838853223,-2.922966431,-2.628321712,-2.591771314,-3.544546787,-2.964445621,-3.733894855,-2.916698632,-3.307244861,-2.386753263,-3.707016229,-2.519004012,-1.392676989
no,2.498223567,0.975685181,2.815188539,2.621167605,2.808860057,2.580521745,-2.893607674,-2.862610532,-2.942734519,-3.519664572,-3.300917582,-2.122502605,-1.967050803,-3.034814468,-3.362159943,-3.221206391,-3.174035734,-2.566160295,-3.389337757,-2.41272129,-3.554549501,-2.9185514,-1.49202434
no,2.821135069,1.219608236,2.331235422,2.373437093,2.403545104,2.689915815,-2.780659817,-3.022998372,-3.038179594,-3.644238671,-3.848719401,-1.823254727,-2.028083343,-2.716665748,-3.751834666,-4.194750676,-3.284825398,-2.899080258,-3.654025059,-3.623614277,-3.874391909,-2.384811424,-1.016866031
no,2.649665167,1.937763667,2.330457151,2.606740072,3.269307266,2.69648591,-2.424631606,-2.969162307,-2.979739453,-3.305826246,-2.881172378,-2.70099709,-2.345934951,-2.361416597,-3.458023285,-3.891297865,-2.729518188,-2.686101455,-3.170940554,-3.269166255,-3.672611697,-2.429410936,-0.715110172
no,2.567504561,1.876076408,2.742181317,2.941267312,2.759670859,2.038512325,-2.374863819,-3.406915851,-3.091365259,-3.712302242,-3.014978504,-1.946005936,-1.523319134,-3.237917914,-3.691185447,-3.916812386,-3.182857131,-2.35843036,-3.395577992,-3.456511416,-3.733715357,-2.550184446,-1.64792226
no,2.422190942,1.644618508,2.599402254,2.509334215,3.01987088,2.583836924,-2.472729758,-2.407224996,-3.126631164,-3.383962374,-3.753317095,-3.671894403,-2.076033973,-4.094635258,-3.42382997,-3.211369578,-3.142966311,-2.418706552,-4.074269892,-2.935625866,-3.425683029,-2.297187126,-1.317867267
no,2.654690311,1.020275722,2.511249553,2.667621209,2.405158114,2.800705299,-2.914001254,-2.503506073,-2.483262126,-3.367369618,-3.110639967,-3.231451247,-1.975705409,-1.83391934,-3.720747608,-3.983534649,-2.86398958,-1.79058738,-3.271159996,-2.896888864,-3.326736103,-2.451238593,-1.868701015
expanded,2.390176459,1.568836646,2.681778751,3.027336293,2.298825319,2.410802183,-2.657538299,-2.671267017,-3.831425096,-3.631772797,-3.284578014,-3.024387058,-0.857063857,-2.805542422,-3.514724899,-2.68725543,-3.238587317,-2.508896051,-3.376745668,-3.152907741,-3.176130558,-1.504950556,-0.268858443
no,2.700020149,1.332768106,2.562069603,2.213706033,2.306285206,2.983963534,-2.609809559,-3.207087887,-2.628027756,-3.65325607,-3.829947581,-2.889657143,-2.437465399,-3.144079597,-3.409235808,-2.96543158,-4.057545613,-2.361552761,-3.570757817,-2.961898996,-3.652431432,-2.575711477,-1.297181036
no,2.483024817,1.805885804,2.717865124,2.988455393,2.365879297,2.815089993,-2.642196958,-3.210556072,-3.872730719,-3.619238985,-3.674902172,-2.970055761,-2.412766168,-3.21047096,-3.737400072,-4.111729785,-3.353910447,-1.522878348,-3.530469575,-2.587594296,-3.472715604,-2.732197965,-0.837463272
no,2.498403718,1.17988944,2.584908693,2.607460953,2.540621594,2.777132596,-2.746171885,-3.056377895,-3.307057187,-3.444323629,-3.266423233,-3.084714321,-2.658847712,-2.163391744,-3.301952329,-2.957529164,-3.153678455,-2.615169742,-3.377651084,-2.644551914,-3.384335452,-2.734673888,-1.6055618
no,2.481311387,1.14845073,2.721282092,2.582278895,2.603761067,3.0048718,-2.846404881,-3.405474024,-3.105209465,-3.631335015,-3.089374056,-2.99703684,-2.383586494,-3.679579606,-3.591943172,-4.031834692,-3.402076819,-2.120804039,-3.606965908,-3.077117113,-3.610471441,-2.155812787,-1.920751144
no,2.234080798,1.551244189,3.068797585,2.316575431,2.847546172,2.531755611,-2.306949015,-3.13477026,-2.472068544,-3.829536143,-3.676678217,-2.506379144,-2.988394353,-2.756405158,-3.831369286,-3.74592619,-3.260248413,-3.014915492,-3.642625938,-2.897424745,-3.39714969,-2.487333301,-1.442756037
no,2.612570116,1.389546953,2.581034353,2.392412666,2.760611752,2.998717915,-2.481829668,-2.861474427,-2.544118234,-3.694973389,-3.60752682,-2.991674636,-2.333440495,-3.502394021,-3.624416452,-3.626005484,-2.943437287,-3.036330849,-3.249816735,-2.968260203,-3.629622792,-2.690013716,-0.785870063
no,2.470207266,1.288373825,2.618085578,2.135848949,2.957763267,2.312685321,-2.635987975,-2.793611649,-2.826752585,-3.584780948,-2.5994671,-2.891932025,-2.765714927,-4.014997206,-3.399484401,-2.831226995,-2.934197937,-2.299640248,-3.166764973,-2.994103812,-3.49220027,-2.047515954,-1.767330724
no,2.46482661,1.651697752,2.432383978,2.571739119,2.956477315,2.466557187,-2.100303662,-2.761350866,-2.324288076,-3.721412161,-3.779919232,-3.123364574,-2.654471299,-3.755372867,-3.409616157,-3.498705346,-3.319606289,-1.590133352,-3.585994076,-3.039552213,-3.599061728,-2.511833706,-1.559672669
no,2.33311296,1.424012633,2.727617463,2.423815124,2.792522594,2.797710766,-2.714558927,-3.290043331,-2.802649092,-3.312623637,-2.826181446,-2.437196565,-2.01465711,-3.851165567,-3.532355796,-3.034215998,-3.576535256,-3.118094063,-3.348581507,-3.008779187,-3.713262147,-2.693808518,-1.549427281
no,2.336235668,1.464445754,3.335812619,2.48023702,2.735713884,2.655983115,-2.747011029,-3.265523518,-3.417242584,-3.463311857,-2.958075318,-3.13915008,-2.396212781,-3.861426101,-3.638306535,-3.214113113,-3.231460677,-2.191280034,-3.610706956,-3.35260885,-3.552298705,-2.340797482,-1.943246877
no,2.222062714,1.596609738,2.453344074,2.773959114,2.554529346,2.999546818,-2.669574528,-3.145977776,-3.132206625,-3.832933973,-3.682985605,-2.482388444,-2.229877323,-3.2142168,-3.495598056,-3.191170247,-3.107017396,-3.186086842,-3.895865265,-3.406987245,-3.828938795,-2.274166694,-1.458278394
no,1.949718956,1.057235873,2.907321069,2.493538676,2.327488661,2.78485613,-2.642615688,-2.903998153,-3.086864063,-3.322712902,-3.644544594,-2.856360918,-2.432428572,-3.453979385,-3.728171542,-3.711135008,-3.602912441,-3.098626012,-3.20725509,-3.337882915,-3.255769135,-2.094806716,-0.699817823
no,3.181165029,1.819079897,2.383902101,2.23910848,2.857692231,2.65144576,-2.45060771,-2.836149676,-3.257555963,-3.560183911,-3.14645035,-3.692522034,-2.053956028,-3.06259613,-3.954513036,-3.147904296,-3.173492887,-1.616782591,-3.52487419,-2.851384145,-3.375379523,-2.644667747,-1.188350364
no,2.270722777,1.968787279,2.65076402,2.643391489,2.927413725,2.867981167,-2.543955638,-3.121008534,-3.382346492,-3.546539043,-3.180851228,-2.856768367,-2.374019541,-3.80700262,-3.555629507,-3.449792909,-3.182005754,-2.73039544,-3.441651818,-3.21669898,-3.604349376,-2.247514459,-1.412383711
no,2.538182593,0.904756548,2.594936652,3.032342402,3.06842673,2.688210856,-2.898118666,-2.750935099,-2.598251535,-3.303339042,-3.333698914,-2.075182412,-1.905615615,-2.980003739,-3.663763547,-3.17104973,-3.086779683,-2.775128103,-3.703725622,-2.513112899,-3.924495222,-1.652287096,-1.792635746
no,2.193450949,1.529504035,2.610698124,2.42388843,3.049977848,2.953590293,-2.404363522,-2.840743183,-3.047235399,-3.432973587,-3.82583957,-2.734574788,-2.320309541,-3.518374068,-3.531244654,-4.230474827,-3.298998734,-2.222049149,-3.257361604,-3.739107429,-3.726000428,-2.599145183,-1.717235481
expanded,2.329244119,1.113777234,2.815797102,2.421834122,2.937241628,2.932214752,-2.555766729,-2.913147311,-2.488507208,-3.298612086,-3.618109614,-2.097399244,-0.961841106,-2.163587384,-3.415920251,-3.152499865,-3.091204629,-1.629379847,-3.349792082,-2.97872876,-3.437668144,-2.250870567,-0.740018446
no,2.642994554,1.236995551,2.784388214,2.423673663,2.777698642,2.629190326,-2.557895467,-2.95684966,-3.257949534,-3.662168503,-4.015799439,-1.97206496,-2.237238277,-3.430393031,-3.328695376,-3.202283872,-3.163087029,-2.797604789,-3.434971755,-2.669982214,-3.435723416,-1.923984717,-1.995913186
no,2.67300045,1.964086037,2.800416567,2.307485568,2.813192755,3.294099169,-2.731779637,-3.032926628,-2.919563277,-3.569735396,-2.691892467,-3.478802438,-2.579826407,-3.715149161,-3.740042065,-3.492640124,-3.091304314,-2.362222363,-3.226818209,-2.590114945,-3.622227499,-2.402987956,-1.372902085
no,2.579674684,1.399053059,2.771149794,2.440056529,2.518175548,2.698656704,-2.389675304,-2.88693627,-3.113417856,-3.495918955,-3.043365488,-2.949196092,-2.461428451,-2.634963826,-3.588984163,-4.212575722,-3.447330976,-2.439100634,-3.212338287,-3.031477057,-3.951867812,-2.354853948,-1.711012553
no,2.17741395,1.645071283,2.953031428,3.100217637,3.042449549,2.783291768,-2.65099152,-3.069640649,-2.744168155,-3.589219726,-4.303033972,-1.733984662,-2.204017667,-3.634227424,-3.691434143,-3.516421048,-3.092343861,-3.214202463,-3.297209191,-2.805425164,-3.49770259,-2.82021511,-0.924872521
no,2.688470377,1.54530215,2.768767242,2.598634726,2.459242102,2.781185972,-2.74337578,-3.458219443,-3.350593476,-3.587999474,-2.948963147,-3.289175796,-2.147601207,-2.290946591,-3.917604397,-3.84605444,-3.203100228,-2.74567484,-3.164446173,-3.22019065,-3.689522889,-2.288760603,-1.652774242
no,2.514825383,1.183164746,3.091328345,2.399278069,2.880592763,2.904425775,-2.719244691,-3.106201338,-3.011186431,-3.573232271,-3.274464379,-2.562005793,-1.963898004,-3.219930635,-3.579217646,-3.135190129,-3.006678088,-2.800156357,-3.859859692,-3.548643863,-3.742834516,-2.39072255,-0.808976176
no,2.508707824,1.828106155,3.00743902,2.592868593,3.454149038,2.75667423,-2.449463186,-2.971877861,-2.513700231,-3.507684383,-3.109467883,-1.574173568,-2.22743468,-4.100572796,-3.488516623,-3.225301786,-3.001485507,-2.590160552,-3.508530316,-2.952824554,-3.46773803,-2.391604297,-1.252813958
no,2.040900428,0.404213694,3.032880031,2.580608778,2.391683632,2.5509476,-2.924140551,-3.052381339,-2.336762725,-3.569234239,-3.006159847,-2.97616965,-1.737439331,-3.342210168,-3.612278652,-3.886948639,-3.133153349,-2.625987449,-3.982671073,-2.596885753,-3.388887664,-2.237440461,-0.728871557
no,2.063620573,1.797188541,2.616409935,2.376693012,2.540370721,2.456617142,-2.657636607,-3.2493766,-3.263194641,-3.732989818,-4.311249752,-2.886670451,-1.869927599,-3.158241886,-3.750486128,-3.48933513,-3.081552086,-2.971606259,-3.760720069,-3.710629939,-3.629728394,-1.998886154,-1.77356611
expanded,2.374560595,1.401066706,2.572012118,2.511039884,2.66457626,2.641284351,-2.402514397,-3.135126912,-2.786568268,-3.582658743,-3.849147403,-1.306245601,-1.664880845,-2.291372533,-3.744360171,-2.657987369,-3.172450869,-2.088661767,-3.134865285,-2.593047611,-3.345683391,-1.303780048,-0.104150134
no,2.456449766,1.633751203,2.732066502,2.94690335,2.529646077,2.71750347,-2.563039896,-3.090663223,-2.826116722,-3.50142405,-3.670891228,-2.316563253,-2.516122961,-2.797447694,-3.568437861,-3.168502864,-3.268391155,-2.559591334,-3.763555251,-2.768367743,-3.574595806,-2.496688759,-1.358232642
no,2.332339322,1.44519354,2.651869813,2.474862999,2.367563243,2.932883523,-2.508180211,-3.038297572,-2.663190054,-3.631503171,-3.377876632,-3.254234562,-2.017417977,-3.147438522,-3.964340542,-3.334586581,-3.160765484,-1.940508121,-2.987736429,-2.928458791,-3.769863161,-2.400419842,-2.117003027
no,2.891715059,1.933807847,2.737936501,2.47325992,2.764099045,2.929763686,-2.560400348,-2.86417646,-3.339081685,-3.6052787,-3.263099625,-2.056118047,-2.455884498,-3.107278417,-3.642027235,-3.293016981,-3.130063813,-2.686356663,-3.86163755,-3.07791816,-3.801597164,-2.65449662,-1.584606242
no,2.490161808,1.706928814,2.716003499,2.712002977,2.599781628,2.779789392,-2.530201875,-3.012484448,-2.740399529,-3.345387338,-3.452661313,-2.540661069,-2.500688952,-3.405274838,-3.450701067,-3.609486683,-3.094244942,-2.985223982,-3.838663954,-2.707714274,-3.328032144,-2.669582738,-1.090127266
no,2.352040662,0.612321812,2.958657781,2.479778788,2.536883244,2.959825593,-2.775660351,-3.192222035,-2.160706003,-3.526444435,-3.537897403,-2.025450756,-1.948127313,-2.971207888,-3.36808768,-4.124028863,-3.039018748,-3.195839839,-3.295906904,-3.501231389,-3.788993751,-2.776129943,-1.319692954
no,2.444479026,1.200152719,3.107882177,2.701204784,2.988957353,2.411799714,-2.851787013,-3.03715941,-2.503039519,-3.562394244,-3.02579419,-2.485035851,-2.248625184,-3.742140095,-3.499909459,-3.860158824,-2.959365878,-2.409530243,-3.679704689,-2.982430834,-3.587252596,-2.807647387,-1.399671596
no,2.928637461,1.036825347,2.548540446,2.402020389,2.787388871,2.694797578,-2.877964478,-3.006954704,-2.280966513,-3.683510424,-3.310105118,-2.544260176,-2.854904256,-2.303668831,-3.541311027,-2.710486301,-3.003523916,-2.418758498,-3.706672209,-3.149959426,-3.962252623,-2.795575634,-1.244840566
no,2.264900585,1.190588137,3.00718088,2.179926989,2.942197003,2.476817055,-2.884218593,-3.116063147,-2.876381668,-3.309318817,-3.301358557,-3.628514601,-1.934478089,-3.425369303,-3.660304033,-3.08444139,-2.989753594,-2.193575366,-4.122689708,-3.051317381,-3.452716069,-2.28513663,-0.980586188
no,3.006483981,1.261723524,2.885772391,2.39196376,2.608521539,3.110711507,-2.661558914,-2.605579869,-2.567354769,-3.423906491,-3.635638415,-2.078209277,-1.69945185,-3.552085614,-3.451655561,-3.331181132,-3.309545798,-3.033523572,-3.379705121,-3.503059437,-3.707683532,-2.008419891,-0.706145551
no,2.347140739,0.843868783,3.139428588,2.664027853,2.418052987,2.908589225,-2.588764445,-3.069764832,-2.27381796,-3.632096065,-3.151952358,-2.475735789,-2.188963604,-3.111227233,-4.137346374,-4.172056183,-3.110020882,-2.664581385,-3.886417611,-3.02048873,-3.464473378,-2.299301006,-1.791588877
no,2.685077907,1.54799018,2.686546474,2.074973244,2.777276466,2.854554953,-2.665777161,-2.827366648,-3.287156808,-3.671135444,-3.194436998,-2.133796283,-2.324157864,-3.65817434,-3.760072068,-3.084905632,-3.258724143,-2.687539466,-3.810212641,-2.957560162,-3.688424952,-2.125016151,-0.919517185
no,2.391991795,1.079523932,2.422927984,2.258366319,2.528888604,2.87340603,-3.00799387,-3.085478448,-3.688954691,-3.570089491,-3.896182633,-2.754643752,-1.746913026,-3.0460125,-3.545232204,-3.397627088,-3.289140059,-2.097801375,-3.713369889,-3.436218219,-3.348215241,-2.597891858,-1.947652029
no,2.774692703,1.457824204,2.331714487,2.621919292,2.931424765,3.251121196,-2.609500721,-2.928379282,-2.475858111,-3.185386339,-3.374641477,-1.782597286,-2.671419679,-3.507826251,-3.190880161,-3.963261949,-2.982152031,-3.152694612,-3.422042069,-2.992518644,-3.642343249,-2.063651333,-2.084238627
no,2.720228516,1.129684279,2.805472235,2.957658597,2.549852246,2.528649426,-2.525173639,-3.020936242,-2.971775434,-3.609510453,-3.965679249,-2.082034949,-2.101492229,-2.108185188,-3.795349215,-3.620345573,-3.322684937,-3.509921808,-3.181693778,-3.448709546,-3.639732629,-1.92252288,-1.455775058
no,2.482399585,1.540828008,2.964964102,2.965120035,2.610849705,2.524978067,-2.714105306,-2.935542582,-3.07690186,-3.667871987,-3.448106925,-2.618188784,-1.927114006,-3.51918469,-3.612683867,-3.404973309,-3.58151724,-2.414889652,-3.71391395,-2.798021204,-3.736262368,-2.992997878,-1.484181179
no,3.009579643,1.298737131,2.809679826,2.439315142,2.454607825,3.25038531,-2.739254445,-2.68576486,-3.099132759,-3.464679029,-3.950318366,-3.24196616,-1.765515287,-3.611047271,-3.593294134,-2.996834185,-3.410658127,-2.762419087,-3.452846185,-2.697864425,-3.335582929,-2.210220836,-1.066387994
no,2.184544005,1.000613121,2.974049758,2.573352094,2.544656887,2.714377232,-2.825592045,-2.653516913,-2.33810095,-3.67777167,-3.108858721,-2.279987631,-1.940097484,-3.066961804,-4.329072889,-3.035025468,-3.24949138,-3.377935383,-3.741747709,-3.064347573,-3.691480612,-2.245481699,-1.19276595
no,2.452329448,1.301444196,2.618556057,2.272384435,2.782861969,2.692353776,-2.317569283,-2.612284388,-2.938111745,-3.524566256,-2.590514228,-3.289354301,-3.265811167,-3.594216538,-3.656315904,-3.341408736,-3.106332955,-3.008439372,-4.325703194,-2.611830183,-3.731706126,-3.028291713,-1.694567751
no,2.568244886,1.079784035,3.014362664,2.414291668,2.384554622,2.727457704,-2.715402361,-2.871505375,-2.606363015,-3.605766257,-3.431698791,-2.265831908,-2.037756441,-3.142599119,-3.53761292,-3.900148953,-3.420367708,-3.232275769,-3.466926608,-3.274755149,-3.801191212,-1.819078663,-1.103538414
no,2.521362475,1.577880019,3.08361426,2.973312912,2.721673769,2.591525878,-2.638485581,-3.492907719,-3.129049165,-3.694510957,-3.796833441,-2.83464502,-1.730446973,-3.791268712,-3.693730205,-3.365316288,-3.279152217,-1.933592794,-3.513917929,-2.596602113,-3.71181401,-2.303200288,-1.20251256
no,2.201262033,2.02983876,2.667020538,2.332835298,2.423965386,2.972188715,-2.396656755,-2.925507531,-3.937068201,-3.463089702,-2.770203965,-3.188886834,-2.812175175,-3.519715564,-3.630133458,-3.749705671,-3.246384138,-1.218126765,-3.399076392,-3.113633697,-3.582940053,-2.397898793,-1.357964122
no,2.669057963,1.357328183,2.76070454,2.397139852,2.601741074,3.001698631,-2.656070392,-2.804190208,-3.312596646,-3.822317559,-4.56074446,-2.533635885,-2.281663534,-2.958991358,-3.628992451,-3.544842133,-3.065425219,-2.828125806,-3.479725578,-2.787165533,-3.518834924,-2.307213159,-1.615786651
expanded,2.175251064,1.121134855,2.684949614,2.676243936,2.287554493,2.749940642,-2.747745299,-2.818708677,-3.051157848,-3.632128371,-3.915119865,-1.915841924,-0.263072911,-0.510078486,-2.18639408,0.272043987,0.235414781,1.600130076,-0.378500565,0.281329922,-0.420979581,0.613886016,-0.252308424
no,2.283491577,1.83389356,2.786591696,2.798245856,3.053275041,2.654111742,-2.804328399,-3.055758268,-3.057704853,-3.820697125,-3.769697273,-2.611052543,-2.245343352,-3.529143508,-3.444464852,-4.473230286,-3.140358677,-3.051882723,-3.448799065,-3.074144762,-3.946585568,-2.644037138,-1.360118093
no,2.527543539,1.515123239,2.761088414,2.72557137,3.000348421,2.651828212,-2.372229542,-2.681673099,-3.751307834,-3.251194579,-3.204518961,-3.121307374,-2.395801677,-2.884891139,-3.521202509,-1.458663449,-3.099493417,-2.854684256,-3.531416865,-3.247025411,-3.799864048,-2.402350296,-0.67516917
no,2.796273775,1.127737929,2.688941817,3.252218953,2.790959828,2.467346534,-2.654918699,-3.117288445,-2.32380382,-3.781257316,-3.227285364,-2.22296514,-1.86540504,-3.771079319,-3.368059795,-3.307858202,-2.967545452,-2.184142633,-3.466212708,-2.920625487,-3.398261911,-2.428619191,-1.382829403
no,2.610660775,2.208770566,2.487501051,2.556631182,2.334487151,3.069273794,-2.857709555,-3.049233831,-2.786876407,-3.480176223,-3.109030584,-2.27799545,-2.708795373,-3.401303578,-3.627544967,-3.267730071,-3.461250772,-2.78015432,-4.058965138,-2.928792156,-3.610935783,-2.678117104,-1.094072409
no,1.937050127,1.383364435,2.647398898,2.803621552,2.465840313,3.008761661,-2.677700722,-2.672391406,-2.802695172,-3.276463906,-2.618815722,-2.693739864,-1.523185482,-3.553356238,-3.337580292,-3.501620986,-3.060512499,-2.450942131,-3.301744205,-3.275017894,-3.463168874,-2.341062537,-1.090644138
no,2.753752672,1.467688346,2.558992817,2.585469145,3.196008821,2.85633871,-2.726537919,-2.966206011,-3.842529716,-3.355088283,-2.979746378,-2.115256858,-1.930077343,-3.609940045,-3.463388916,-3.664491473,-2.945209017,-2.416491587,-3.462690883,-3.229063431,-3.360114638,-2.537336128,-1.110854595
no,2.640608719,1.456013142,2.735360677,2.718032888,3.112646814,2.843011966,-2.718453712,-2.958545388,-2.849380798,-3.424346703,-3.379429143,-1.898420299,-2.387085563,-2.976932001,-3.850875819,-3.014432349,-2.958796084,-2.653192865,-3.405606819,-3.364695775,-3.639800749,-2.243804604,-1.988578889
expanded,2.701321516,1.103779952,2.611837807,3.018022975,2.649381107,3.098999976,-2.67252305,-3.188196026,-2.721642394,-3.826069481,-3.419617445,-2.400644791,-1.173124392,-1.909305386,-3.431800315,-3.145403282,-3.621179676,-2.635349582,-3.915226392,-2.843015347,-3.356458397,-2.311287992,-0.901755647
no,2.463656931,1.195293172,2.840677823,2.24102767,2.433018,3.166117714,-2.802295131,-3.040048158,-3.117986582,-3.562965278,-3.17989678,-4.105833966,-2.069009193,-2.518163528,-3.858913944,-3.702134488,-3.206352839,-2.364028299,-3.927587782,-2.764824004,-3.560012749,-2.692955818,-1.63584078
no,2.892505827,1.439703501,2.597572316,2.604170988,2.728394257,2.647093921,-2.770523287,-2.242429082,-3.098441204,-3.669997178,-2.66680166,-2.757397813,-1.564579538,-3.442585642,-3.548782684,-3.356601112,-3.002829636,-2.381252965,-3.171828999,-3.659219885,-3.26984027,-2.33573025,-1.648997707
no,2.556242105,1.199281921,2.777565974,2.313172348,2.383737794,2.417229226,-2.398872959,-3.168671822,-3.553070055,-3.389966935,-2.476009051,-3.017759165,-3.090610146,-2.786926552,-3.506162129,-3.274123754,-3.080574502,-2.932354971,-3.3051384,-3.036720421,-3.594635045,-2.666517495,-1.45191731
no,2.516738684,0.646165871,2.533761688,2.703705886,2.608289886,2.817218578,-2.609406182,-3.24079398,-2.837707286,-3.925407432,-3.577336995,-2.607177418,-2.180145232,-3.619477345,-3.441862836,-2.798930962,-3.179501708,-2.376025734,-3.387600224,-2.725151219,-3.644495736,-2.061175404,-1.923003405
no,2.382076691,1.444047632,2.728015704,2.390276131,2.591522225,2.848597304,-2.504611278,-2.844029939,-3.191007754,-3.295327918,-3.339357539,-2.759727422,-1.626917605,-2.756138618,-3.415534707,-2.947178814,-2.935975868,-2.910021932,-3.049785345,-3.163792737,-3.811606085,-2.235563687,-1.048222499
no,2.812587652,1.377471356,2.439493929,2.345713332,3.122320596,2.592746555,-2.832566683,-2.388045946,-3.094438317,-3.317998164,-2.59098176,-3.425172914,-2.586718262,-3.733913394,-3.274762846,-2.976953091,-3.057537448,-2.409840609,-3.427427049,-2.359664752,-3.642551985,-2.356134237,-1.575143485
no,2.125520932,1.106427024,2.32949444,2.631807839,2.457867047,2.965680935,-2.458297726,-2.640394357,-4.006490481,-3.689164482,-3.48131408,-3.110493439,-2.159653281,-2.614981585,-3.578186108,-3.447231561,-2.830894169,-2.585445596,-4.179614582,-3.274130435,-3.173857666,-2.585730013,-1.423050742
no,2.46220518,1.133160613,2.54979652,2.809419658,2.918246157,2.759791145,-2.475074195,-2.833501236,-2.909793123,-3.583659454,-2.679961809,-2.283512573,-2.64043257,-3.76402688,-3.427324398,-3.777362951,-2.896052326,-2.284095999,-3.441315697,-2.777324827,-3.654450558,-2.207554707,-1.886116207
no,2.669336713,1.677093131,2.77032028,2.606414596,3.404826621,2.600211337,-2.817648438,-2.376304254,-3.196584302,-3.841197366,-3.886796741,-2.333146561,-2.236337774,-3.098953472,-3.543391734,-3.525863371,-3.400708709,-2.308128857,-3.562238726,-2.948750067,-3.653306142,-2.678352961,-1.691413349
no,2.520425749,1.158454336,2.833770441,2.682644435,2.762300687,2.985620291,-2.672295454,-3.520721634,-3.279126886,-3.924648255,-3.758511022,-2.100226561,-2.29142916,-2.945158894,-3.568590103,-4.232485537,-2.717046689,-2.622548949,-3.640793463,-3.113013502,-3.702533541,-2.345838564,-1.432408288
no,2.600049236,1.6160153,2.819178647,2.131596186,2.465662673,2.895035961,-2.323043481,-3.08838599,-3.071775316,-3.537830863,-3.10636368,-3.316293743,-2.65286432,-2.390019466,-3.736957484,-2.734862256,-3.020457188,-2.353884106,-3.887418142,-3.550808738,-3.832907667,-2.194772857,-1.109707307
no,2.466819611,0.907043929,2.778228925,2.827571773,2.351560694,2.974152389,-2.657519863,-2.987406147,-2.940662866,-3.542966176,-4.170098778,-2.245317858,-1.827482157,-3.754603621,-3.37174686,-3.426979072,-2.948518288,-1.662870061,-3.582483677,-3.427651055,-3.560778151,-2.712351632,-1.450561918
no,2.362564827,1.309705631,2.584942486,2.509735315,2.43976699,3.134870766,-2.687520206,-2.85906393,-2.569371544,-3.659332852,-2.481566866,-2.338627164,-1.390178,-3.875027589,-3.401839896,-3.615435506,-3.157281033,-2.935174415,-3.286667753,-2.987328069,-3.159025868,-2.248624291,-1.753312904
no,2.488665485,0.799534801,2.84667308,2.758526287,2.255710773,2.934997293,-2.444155811,-2.98867379,-3.649522028,-3.77532142,-2.381939381,-3.584310552,-2.527251617,-3.227963403,-3.15943823,-3.052914884,-2.914473261,-2.123393872,-3.42746828,-2.794941277,-3.476752571,-2.18445519,-1.250936728
no,2.532101371,1.58137976,2.937218688,2.872108859,2.911595115,2.372443624,-2.396772843,-2.571200293,-2.863619094,-3.603915228,-3.175799167,-3.606341525,-2.714544167,-2.528297256,-3.81495476,-1.832231681,-3.321022784,-2.569716948,-3.968031785,-3.159155808,-3.734861658,-2.391201573,-0.724140419
no,2.503452698,1.689647266,2.736174948,2.89554812,2.915343907,2.742212993,-2.477155716,-2.850486448,-2.641547876,-3.559984349,-2.895794087,-2.05883277,-1.964073029,-3.245320398,-3.941774201,-3.784114281,-3.179004319,-3.077786641,-4.671491069,-2.925370079,-3.913802066,-2.758885416,-0.976491489
no,2.576693936,1.023099357,2.454524088,2.358986929,2.709498889,3.232293106,-2.803225116,-2.952958341,-2.830756425,-3.522827784,-2.939917152,-3.142686068,-2.867109094,-3.358038073,-3.69428777,-3.437180606,-3.0716052,-2.886039605,-3.143154961,-3.476258192,-3.83737517,-2.702795741,-0.992390854
no,2.867142129,1.018672729,2.596214857,3.031171352,2.615690536,2.593276603,-2.746677509,-3.180102036,-3.026199521,-3.288559077,-3.119351466,-2.791825844,-2.00544246,-2.542688448,-3.428589929,-3.238732977,-3.443539418,-3.412311523,-3.590135069,-3.047139034,-3.711904355,-2.192382042,-1.926940828
no,2.553684576,1.81915795,2.763419342,2.862570971,2.973341821,2.651406222,-1.923252827,-2.873137273,-3.126010235,-3.288404967,-3.374431287,-2.754442165,-2.586965757,-3.158063848,-3.664325636,-4.191737944,-3.07058529,-2.991058621,-3.507772666,-2.693294804,-3.590793941,-1.585539413,-1.176123841
no,2.438519276,1.138840261,2.671386804,2.509605738,2.642055292,2.672915504,-2.45142486,-2.688315116,-3.021547155,-3.435323762,-3.700215598,-2.631954191,-1.738735229,-3.092263113,-3.651994117,-3.528225483,-3.127028695,-2.300597038,-3.515216208,-3.024808707,-3.76165011,-2.507085282,-1.270130107
no,2.457720423,1.247760485,2.763294719,2.481251393,2.360916966,2.899100929,-2.537241794,-3.046989509,-2.963528495,-3.494230633,-3.682738274,-2.505632912,-2.598073934,-3.398150283,-3.536684479,-4.009905092,-3.046480212,-3.037311028,-3.814497054,-3.053879902,-3.606895091,-2.675437925,-1.070716236
no,2.432153951,1.289500007,2.727909736,2.467246315,2.328777876,2.898708499,-2.700837583,-3.392502971,-2.881780142,-3.522830051,-3.440386373,-3.063745284,-2.299865151,-4.363219771,-3.684729725,-3.565365093,-3.034230191,-2.621886487,-3.355367939,-3.230255418,-3.522151193,-2.802519732,-1.357491339
no,2.466081533,1.285472208,2.581014842,2.167368674,2.592891246,2.725819407,-2.416613333,-2.453169828,-3.217616544,-3.494593455,-3.47329121,-2.245601534,-2.321682414,-3.390528166,-3.507760798,-3.287818677,-3.19955023,-3.135952431,-3.371903518,-2.82175484,-3.632537007,-2.674586244,-1.204806622
no,2.547481906,1.155344563,2.609947927,3.191568419,3.369507629,2.557282864,-2.856393562,-3.044515552,-3.567838607,-3.314424758,-3.533435125,-2.161163789,-2.412730632,-3.330775266,-3.776890375,-3.300319774,-3.263661396,-2.771528991,-3.760626451,-2.925000741,-3.566892105,-2.087609711,-0.781971819
no,2.315772667,1.611860321,2.88774905,2.315664853,2.858281551,2.668493104,-2.481678087,-2.85155025,-3.796962489,-3.785968303,-2.554962156,-3.431016185,-2.205745209,-3.850936699,-3.796219485,-4.381177916,-3.147676857,-1.464840813,-3.444363678,-3.36265709,-3.565010848,-2.57364438,-1.806482694
expanded,2.285862832,1.867102609,2.6660573,1.527000276,2.655339781,2.956549957,-2.332011693,-2.104541385,-2.733089819,-3.488189683,-3.089816599,-3.761444897,-2.039498692,-3.257481912,-3.618140105,-3.472728644,-3.3040603,-2.703582273,-3.500555321,-2.912150943,-3.161763431,-1.87525251,-0.590577545
no,2.509202857,0.910165519,2.565231095,2.256010341,2.583871472,2.702253751,-2.457323508,-3.073050687,-2.584680908,-3.658195996,-3.379734102,-1.856837774,-2.649580196,-2.864569693,-3.607658469,-3.909811774,-3.268587006,-2.603040691,-4.092714087,-3.197877248,-3.612321084,-2.589268715,-1.484121518
no,2.513205592,1.622881874,2.891185061,2.38054834,2.827108465,3.505415281,-2.638423049,-2.949270635,-2.568325239,-3.789248644,-3.004525434,-1.702227624,-2.32127048,-3.446714908,-3.691920339,-3.998992062,-3.066455925,-3.239872117,-3.690583035,-2.847387995,-4.180096744,-2.203856053,-1.331688264
no,2.421717065,0.970167341,2.746938159,2.636604719,2.40126125,2.660512453,-2.95230181,-3.253246709,-3.444074162,-3.676762258,-3.252771077,-2.431831572,-1.665247723,-2.993295334,-3.594972071,-3.070461347,-3.135665561,-2.906788616,-3.861594739,-2.572934964,-3.38037464,-2.568270618,-1.463115964
no,2.046560317,0.932033917,2.624806978,2.523875123,2.558596946,2.804547665,-2.598127046,-3.215636708,-2.787427969,-3.458391753,-3.969869913,-2.517215278,-2.01467741,-3.843580314,-3.764050763,-3.716080819,-3.226713233,-2.749685026,-3.565275324,-3.042610698,-3.506959333,-2.683184582,-1.147905407
no,2.389975991,1.263573758,2.624723974,2.910564321,2.471663151,2.700107995,-2.865367258,-2.70345897,-3.268648211,-3.462863349,-3.143508659,-2.911733527,-1.765119387,-2.99945681,-3.368210438,-4.112027004,-2.860844679,-2.354597515,-3.512264409,-2.182441026,-3.477914368,-3.039193901,-1.828365596
no,2.78647389,1.668558173,2.686772985,2.604544813,2.435541405,2.910924482,-2.538363761,-3.107847553,-3.007446609,-3.775857736,-2.894084767,-2.200556941,-2.095673799,-3.208171553,-3.623045275,-3.61866364,-3.332342392,-2.758851099,-3.343469462,-3.181521419,-3.820238793,-1.813553437,-1.835487464
no,2.64509671,1.443208162,2.915819819,2.861814146,2.531306235,2.742122089,-2.443631627,-3.164043817,-3.125799743,-3.674088518,-3.820116528,-1.992744933,-2.39480905,-2.888461604,-3.725004313,-3.794198578,-2.948063327,-2.250491306,-3.672795433,-3.447308384,-3.649228199,-1.925013992,-1.221890707
no,2.582431674,1.347956189,2.960335194,2.464668545,2.383676459,3.195486956,-2.426133035,-2.821357682,-2.633197661,-3.730829302,-3.653174629,-2.114090447,-2.012020051,-3.07046386,-3.519358034,-3.103367156,-3.065372932,-2.772841567,-3.399470934,-2.89823642,-3.800422452,-2.720609266,-1.525571768
no,2.218815814,1.392963729,2.545471139,2.702954943,2.538189456,2.300370419,-2.703389751,-2.982846177,-2.658044834,-3.628525149,-2.913545185,-2.141886805,-2.005901466,-3.572628633,-3.477244746,-4.306812239,-3.314453868,-3.491902018,-3.300202172,-3.007433364,-3.601060387,-2.891647852,-1.238028399
no,2.523487373,2.103794501,2.481474895,2.720950387,2.47535416,2.735657664,-2.254438302,-2.881696238,-3.446534514,-3.891016101,-3.621470863,-2.627849122,-3.095872637,-3.642917684,-3.648900002,-3.20190582,-3.140839827,-2.333877618,-3.752795227,-3.464609591,-3.391991354,-2.247632488,-1.183785903
no,3.143768023,1.511255192,2.731000405,2.334311614,2.476712074,2.364815244,-2.633225872,-3.016564599,-3.720359125,-3.589706713,-3.912554064,-2.510257228,-2.417094989,-3.554998705,-3.868102577,-3.324218089,-3.276813433,-2.948369321,-3.52434643,-3.245159419,-3.932731779,-2.332704682,-1.142753018
no,2.52436703,1.461239079,2.760346178,2.112838046,2.261875239,2.523862432,-2.730946853,-3.252330583,-3.583659852,-3.548158845,-3.482442009,-3.042044403,-2.391654721,-3.94494244,-3.691837695,-3.355157554,-3.64731099,-2.690963927,-3.268212807,-3.270010868,-3.861311983,-2.011600859,-1.249764359
no,2.637882864,1.191592661,2.660986054,2.832031895,3.248187098,2.840943579,-2.699803121,-3.123543679,-2.634012799,-3.685238325,-3.276257907,-2.003178593,-2.154567618,-4.172632806,-3.400465498,-5.04013164,-3.198227082,-2.489142849,-3.404393145,-3.034656418,-3.81362337,-2.125509468,-1.198436475
expanded,2.330568888,1.422081575,2.786606177,2.571109002,2.467135872,2.15572323,-2.450547509,-2.975845689,-2.545616519,-3.316296005,-2.882157135,-3.376742897,-1.502318762,-2.044162943,-3.278835226,-0.476997272,-1.819723734,-1.055790205,-2.039664073,-1.988893554,-1.812528476,0.058363688,0.189125408
no,2.338184981,0.923737777,2.673805638,2.321328649,2.419808907,2.896481478,-2.664122906,-3.214060731,-3.125026021,-3.341424652,-3.164578645,-2.631216026,-1.813369436,-2.860883512,-3.725733869,-4.080416527,-3.458524271,-2.999594372,-3.576751018,-3.519985641,-3.831816827,-2.351321497,-1.585123956
no,2.378612684,1.159987691,2.732821578,2.778576701,2.553258348,2.669627721,-3.238259494,-2.815592131,-2.850696126,-3.375325394,-2.92606312,-3.142410593,-1.957690864,-2.997208494,-3.45348203,-3.11128468,-3.586820414,-2.627543571,-3.300146508,-2.735929312,-3.706149559,-1.8705275,-1.291127859
no,2.091566264,1.044463299,2.766963704,2.943826603,2.576962548,2.661081039,-2.833100299,-2.935757201,-2.892578206,-3.582770735,-3.041388972,-2.485772854,-2.489846294,-2.952451297,-3.517921869,-3.31332264,-4.008939602,-2.313378033,-3.583696133,-2.897004081,-3.514830307,-1.929933412,-1.585632462
no,2.469639786,1.461250913,3.174301722,2.820523517,2.34886557,2.477726222,-2.821965211,-2.846415377,-2.536961209,-4.022473513,-3.431335376,-2.119576182,-2.603577586,-3.268521098,-3.688694493,-3.653344335,-3.184507306,-3.145374231,-3.623467138,-2.834268213,-3.861940374,-2.691020287,-1.063886471
no,2.508083829,1.300165583,2.73411233,2.899772619,2.389852779,2.892978247,-3.196443132,-3.266208485,-3.020606609,-3.33202633,-4.092890561,-2.332582249,-2.274994015,-3.311261315,-3.665299451,-3.548124242,-3.321381084,-2.80078135,-3.747495705,-2.847344778,-3.66365641,-2.522327217,-1.126312081
no,2.431397384,1.133264839,2.778380612,2.392823041,2.460041372,2.645907712,-2.623064257,-3.284891206,-2.819434165,-3.748292573,-3.186429843,-2.401964565,-2.337404184,-2.890847228,-3.741061816,-3.506335502,-3.073349542,-2.572787086,-3.640195317,-3.408395463,-3.908671418,-2.488651642,-1.275819886
no,2.22020747,1.833722384,2.700363806,2.523168355,2.646766336,2.629240892,-2.541210833,-3.040138666,-3.094631025,-3.604594099,-3.746871318,-3.316392959,-1.84542932,-3.726844217,-3.534626619,-3.983134817,-3.436824146,-2.295893161,-3.355738868,-3.036718192,-3.345902541,-2.098263415,-0.879037777
no,2.415601973,1.705277516,2.683447283,2.635909816,2.96290406,2.55577072,-2.825268937,-3.193848177,-2.889120383,-3.38388144,-3.388381446,-2.536048879,-1.994768288,-4.281947584,-3.514734258,-3.474039607,-3.027296259,-2.60354682,-3.397237268,-3.456779708,-3.577373994,-2.130753292,-1.123405124
no,2.268799227,0.953240156,2.832352313,2.232322216,2.209549769,2.77985827,-2.79344547,-3.206126497,-3.013801289,-3.182930018,-2.697175659,-2.369077225,-1.929656084,-3.441106044,-3.566729328,-3.59969679,-3.007598157,-3.012171864,-3.94277286,-2.896142855,-3.722217953,-2.341776232,-1.576390929
expanded,2.721036464,1.24214676,2.765284868,2.881143213,2.617199526,2.3978986,-2.685882049,-2.766968745,-2.717404591,-3.548667756,-3.330190205,-3.000631765,-1.074226258,-3.871297673,-3.44282656,-3.536411059,-3.159024012,-2.649653665,-3.428462214,-2.886229966,-3.513298642,-2.283416724,-0.160954986
no,2.270775056,1.697516,2.927011431,2.575458074,2.64745156,2.570366448,-2.153288523,-3.109827614,-3.12986114,-3.885527493,-3.048618441,-2.437279539,-3.359468906,-2.703484124,-3.718226391,-3.469038032,-2.620962388,-2.575862549,-3.664819558,-3.145138767,-3.422347683,-2.269534531,-1.287790611
no,2.351217132,1.240175918,2.67139964,2.816936146,2.746282578,2.717576071,-2.776078289,-3.104086058,-2.566751604,-3.588272763,-3.459611394,-2.964241737,-3.07834087,-2.963742026,-3.47699272,-3.929240768,-3.169563989,-2.988752578,-3.684809699,-3.333634561,-3.721292255,-2.13185809,-1.183773809
no,2.672750186,1.208561956,3.043001723,2.655850255,2.499776526,2.879679926,-2.552570636,-2.413072048,-3.561770288,-3.672130613,-2.841791988,-2.909512577,-1.870053561,-3.648507129,-3.32525373,-3.221355623,-3.272707894,-2.582380981,-3.289496698,-2.868938668,-3.480294439,-1.439066108,-1.819854888
no,2.325834121,0.622469407,2.85601515,2.571854501,1.927011662,2.623006439,-2.88955743,-3.261685654,-3.194582687,-3.732890401,-3.023037806,-2.647153317,-2.407179385,-3.060045938,-3.66917821,-3.395844294,-3.10074558,-2.43561742,-3.623565963,-2.510030771,-3.485894416,-2.042334027,-1.211617237
no,2.578258542,0.930675885,2.363347592,2.362779044,2.523917847,2.869958111,-2.891631018,-2.594306715,-3.131268221,-3.622016906,-3.107791297,-2.326123955,-2.496132898,-2.453778095,-3.592117435,-3.611175752,-3.109686557,-2.782096813,-3.535196514,-3.242132155,-3.932642684,-2.546353621,-1.303645061
no,2.629606369,1.07706015,2.730688383,3.07104335,2.49738346,2.215490875,-2.692660873,-2.732715328,-2.55298651,-3.588781473,-2.819732109,-3.065992403,-2.66586749,-3.646034398,-3.729161672,-3.948914788,-3.193324786,-2.744099205,-3.44005333,-2.919101681,-3.555607209,-2.617551237,-1.594348681
no,2.475071698,0.846947642,2.515008075,2.423046913,2.70457186,2.689907783,-2.627266847,-2.834243986,-3.010663661,-3.675472922,-3.288202701,-2.744472327,-2.093883721,-3.210117414,-3.768634957,-3.429410818,-3.008397013,-3.193177355,-3.290147612,-3.282053584,-3.50065046,-2.546815711,-0.92761469
no,2.373186035,1.064883464,2.428948175,2.40690717,2.34781434,2.816540437,-2.602996912,-3.604113496,-3.132137436,-3.59470623,-3.247127282,-1.748317414,-2.14334478,-3.710669269,-3.939425245,-3.05109329,-3.460108569,-2.661319434,-3.712391511,-3.346173824,-3.546883626,-2.229012723,-1.964404931
no,2.068698911,0.8940413,2.711870491,2.714503161,2.323960596,2.376650433,-2.724785124,-2.95489524,-3.334160853,-3.595254366,-2.896419768,-3.9181747,-2.064142629,-2.764168003,-3.622478274,-3.201231452,-2.974162728,-2.814941824,-3.915650091,-3.433910707,-3.446903624,-2.810252473,-1.152532649
no,2.302276539,0.684362151,2.620274455,2.758443991,2.356584027,2.224933397,-2.864127129,-2.799692583,-3.379381074,-3.46592099,-3.630276285,-2.582146289,-1.979828716,-2.861292028,-3.609821447,-4.682069186,-2.958008384,-2.866556218,-3.732488632,-2.966676919,-3.398962738,-2.340931179,-0.905828036
no,2.308958111,1.14376955,2.788675295,2.627245714,2.350211009,2.863108214,-2.667547643,-2.653623647,-3.835357859,-3.355998263,-3.922457536,-2.86614215,-2.399271454,-3.320320964,-3.662744806,-2.950468593,-3.447559722,-2.260102884,-3.137003326,-3.280384737,-3.79363507,-1.891866452,-1.473946211
no,2.983765977,1.18991385,2.456652213,2.439588991,2.659756189,2.371519495,-2.776481575,-3.112970279,-3.111236643,-3.69947316,-3.661371984,-2.615451421,-1.540877705,-3.104362213,-3.763186446,-3.621134118,-3.146328286,-2.858403152,-3.353114198,-3.026550478,-3.745474191,-1.955995757,-1.021763515
no,2.55930399,1.705370731,2.726529801,2.274031401,2.612092122,2.964413591,-2.379811381,-1.989971276,-3.033478178,-3.523393586,-3.66836705,-1.947935063,-1.728479473,-2.903484267,-3.338653084,-4.243270928,-2.924669152,-2.910598341,-3.460282004,-3.401241481,-3.62190304,-1.922869568,-1.15720594
no,2.29561528,1.277226971,2.913366487,2.555948134,2.841380113,2.849981887,-2.702411074,-2.886696565,-3.056949375,-3.620660989,-3.093909447,-2.780909864,-2.009166596,-3.442347924,-3.478768385,-4.985300436,-3.071589436,-3.349719826,-3.45858434,-2.825736423,-3.360028469,-2.083131645,-1.231551856
no,2.683627123,1.277648816,2.464790899,2.552698235,2.646254032,3.13808397,-2.744625714,-3.192994307,-2.935454166,-3.66940745,-3.095293281,-2.23163089,-2.18494846,-3.813964011,-3.368868099,-3.770207834,-2.975707911,-2.843069565,-3.465734361,-2.924459194,-3.67625741,-2.295574689,-1.590057389
no,2.701634249,2.012255083,2.695698397,2.340365667,2.956758761,3.131987692,-2.258099232,-2.686486436,-3.427301474,-3.660868263,-3.241621875,-3.852117919,-2.822796423,-2.592982892,-3.730983607,-3.370155361,-3.154418772,-2.76964886,-3.776723303,-3.052245663,-3.53115373,-2.08573287,-1.105786556
expanded,2.21671929,1.00868164,2.39779512,2.43975076,2.687315459,2.871012223,-2.305735184,-2.536572242,-3.14426618,-3.761687272,-3.285921304,-2.769052059,-1.894383366,-3.541916599,-3.090681272,-0.989608996,-2.315675139,-2.860899384,-2.599644487,-1.903644018,-2.460563576,-0.503528368,-0.143679585
no,2.384194705,1.394858195,2.606217822,2.792981446,2.499495001,2.344119663,-2.596092802,-3.323899539,-3.054966793,-4.019632246,-2.755977558,-3.096355548,-2.70706678,-3.743158865,-3.402645973,-3.300397653,-3.007268239,-2.512059877,-3.376856476,-2.9963599,-3.829058788,-2.263409378,-1.659752584
expanded,2.361362223,1.232860475,2.574138739,2.573998757,2.867889135,2.805476373,-2.386394707,-3.029457217,-2.864476714,-3.715922621,-3.324576149,-1.842955276,-1.406217994,-3.405759265,-3.787112381,-3.071763128,-3.016406144,-3.422780876,-3.559987756,-3.280477771,-3.558012295,-2.021206088,-0.483438772
no,2.26066282,1.368447788,2.742569143,2.665109096,3.010485348,2.845232227,-2.115092502,-3.098745093,-2.728059509,-3.681277181,-3.191253874,-2.808302126,-2.514049651,-3.848407187,-3.727343349,-3.237081396,-3.837375073,-2.91569732,-3.457654933,-3.253801405,-3.941178292,-2.261372142,-1.342227752
no,2.500905784,0.752917135,2.643563497,2.592169775,2.597305897,2.806254366,-2.791399668,-2.868786537,-2.910478676,-3.616895153,-3.139548427,-2.651656703,-2.278791977,-2.833165341,-3.858817566,-3.829775251,-3.226314194,-2.643542172,-3.802866221,-3.217337296,-3.756190789,-2.231585849,-1.431318447
no,2.356496446,1.12992247,2.849253327,2.52820297,2.370678952,2.536441886,-2.723110714,-2.908223787,-2.304512426,-3.689645478,-3.471790835,-3.221536241,-2.283725677,-4.096746302,-3.420227709,-3.353071112,-2.908433378,-2.063490294,-3.985179607,-2.425625635,-3.720116188,-2.672746984,-1.528456499
no,2.565562005,1.291135855,2.734802588,2.34820323,2.578897797,2.824031908,-2.602939554,-2.744038479,-3.416873492,-3.447625739,-3.388779788,-2.492060611,-1.901082657,-3.226975523,-3.575692681,-3.837467962,-2.953698734,-2.859058998,-3.702662827,-2.991622722,-3.683702215,-2.49247121,-0.948248738
no,2.597644291,0.950241844,2.800231029,2.640663567,2.438203059,2.646322795,-2.815074106,-2.99026334,-3.769978099,-3.75983306,-3.55872921,-2.879105026,-2.311944144,-4.17323901,-3.490828556,-3.744314344,-3.165244344,-2.555111732,-3.519040602,-2.809044543,-3.702150731,-2.133010231,-1.490624063
no,2.478989329,2.174080089,2.418855323,2.262084799,2.498266574,2.725984894,-2.5814119,-2.910112401,-2.824421031,-3.828793448,-3.580467947,-2.25520462,-2.266768529,-3.296089931,-3.554132997,-4.086817616,-3.483648578,-2.704376116,-3.491062394,-3.380363008,-3.450604432,-2.907197289,-1.196082669
no,2.571644252,0.97507187,2.771577165,2.577767994,2.412995088,3.11696452,-2.873193311,-2.967458428,-2.997773161,-3.30127725,-3.077631279,-2.819891314,-2.462563543,-3.325043506,-4.01305768,-3.542063592,-2.977078553,-2.323424897,-3.455468137,-2.773149044,-3.780878384,-2.301207466,-1.506915366
no,2.668276232,1.251337509,2.553866871,2.961074669,3.093602214,2.741718564,-2.544611125,-2.876009942,-2.80827878,-3.340994922,-2.748848694,-2.841897032,-2.080306827,-3.34911225,-3.654959888,-3.711551821,-3.42699907,-2.470634522,-3.779081728,-3.530794784,-3.811466977,-2.038451716,-1.05647887
no,2.443215806,1.426562767,2.847827433,2.437459492,2.796900689,2.703641365,-2.315036025,-2.901376407,-2.695403826,-3.606152992,-2.53562132,-2.389486455,-2.29254125,-3.755065615,-3.423183755,-3.445299332,-3.240660242,-2.727679161,-3.736233863,-2.757245614,-3.777799658,-2.441697378,-1.28070667
no,2.353728655,1.109255882,2.874360709,2.661427683,2.616082429,2.778459865,-2.745177103,-2.678473183,-3.403991489,-3.602226042,-2.850010717,-3.088322484,-3.438718459,-3.986990507,-3.440884742,-4.23594232,-2.933438988,-2.473907567,-3.853252184,-3.242297848,-3.698097318,-2.114625804,-0.650023995
no,2.670988871,1.121065058,2.997206364,2.075444984,2.987432674,3.104931099,-2.908907971,-2.274886734,-2.504575745,-3.73115367,-3.914965683,-3.538507265,-2.667530423,-2.848957293,-3.626018073,-3.725537483,-2.980328686,-2.965609726,-3.315592242,-2.986440501,-3.645116361,-2.433196299,-1.280635182
no,2.213677252,1.820979349,2.912917323,2.55307379,2.591581765,3.056733419,-2.402468925,-2.58022249,-2.524978393,-3.41237946,-2.833583104,-2.535641658,-2.393867273,-3.138614996,-3.281354374,-3.434705438,-3.323124423,-3.116307656,-3.180064882,-3.504677191,-3.802398335,-2.888797199,-2.016510801
no,2.463466091,1.225257245,2.516953586,2.700984118,2.410206912,2.574136902,-2.957214781,-2.656099426,-2.821179596,-3.079791413,-2.624215753,-3.044441133,-3.399723349,-3.315407987,-3.484258199,-2.577926682,-3.299844406,-2.037493071,-3.836166789,-3.163479905,-3.34978839,-2.735737799,-1.778734824
no,2.346105463,1.501169462,2.831222731,2.353901864,2.931938795,2.961262029,-2.621509967,-3.295975045,-3.000895963,-3.572363058,-3.0582145,-2.446072545,-1.892814771,-3.284942046,-3.6530917,-4.537464878,-3.081219475,-2.481936787,-3.301638825,-2.872931671,-3.521357844,-2.421033885,-1.457351317
no,2.661939175,1.681167179,2.668918218,2.349316026,2.467622577,3.163521537,-2.733810325,-3.039227415,-3.561681888,-3.440814289,-2.927225953,-3.225961472,-1.88830778,-2.812832146,-3.753180371,-3.149118348,-3.40741871,-2.732942566,-3.077446754,-3.131554074,-3.663328875,-2.46571117,-1.567590066
no,2.248153642,0.897556153,2.866235361,2.664901212,2.709405422,2.866146785,-2.567189404,-2.832774253,-2.726400511,-3.375145741,-2.897703072,-2.296568703,-2.879153593,-3.21327969,-3.515346767,-3.159611521,-3.238153574,-3.102976532,-3.482716908,-3.098633764,-3.538695866,-2.631210799,-1.619232337
no,2.323801681,1.02330344,3.119209713,2.777293953,2.180294615,2.80043489,-2.881455725,-2.732285183,-2.52784651,-3.41537522,-3.425431945,-2.330524311,-1.716030217,-3.09245768,-3.957366486,-4.050854869,-2.944879445,-2.795878289,-3.969265803,-3.347359025,-3.488854785,-2.380094658,-1.32600314
no,2.614255579,1.031168481,2.880408976,2.253233748,2.347292794,2.976838251,-2.787846514,-2.902086397,-2.710755541,-3.645404774,-3.537175601,-2.396202748,-1.880331903,-3.691594208,-3.709366504,-3.327073018,-3.138745823,-2.967181318,-3.622392353,-3.04345364,-3.823123464,-1.925632606,-0.883646289
no,2.522102999,1.67199083,2.55672988,2.607533519,2.565942513,3.136571598,-2.488482373,-2.821168868,-3.453087884,-3.390371789,-2.961081278,-3.44044028,-2.715345377,-4.358842495,-3.728159132,-3.541081333,-3.356502986,-2.099087505,-3.680350017,-3.092086943,-3.742971628,-2.381592278,-1.362531165
no,2.680017084,1.456877799,2.815750374,2.889576203,2.825613684,2.434514787,-2.465244318,-3.016768549,-2.850748792,-3.609793448,-3.522518689,-2.730023993,-2.368867841,-4.087453645,-3.694904699,-3.596831419,-3.127208469,-2.472587826,-3.391672455,-3.049342476,-3.726804843,-2.527022148,-2.442113121
no,2.290032163,0.591120858,2.801713651,2.248342162,2.406096902,2.156683823,-2.927448099,-2.895711345,-2.438609381,-4.100128624,-3.550705759,-2.620481944,-2.422690134,-4.015525277,-3.7951474,-3.781808518,-3.388216149,-2.477476192,-3.436009812,-2.993475006,-3.561572238,-2.165515107,-0.786558242
no,2.376913301,0.732393928,2.788620091,2.137886448,2.30721294,2.426536204,-2.976604466,-2.692348173,-3.533938183,-3.764411153,-1.957654009,-2.945164201,-2.087689125,-3.067553944,-3.760600959,-2.915257294,-3.309488302,-1.806447686,-3.508503032,-2.838429746,-3.401234038,-2.114071387,-1.429341304
no,2.48399518,1.187086604,2.856010157,2.676980187,2.318802184,2.384356417,-2.522766264,-3.038526863,-3.032536132,-3.708497459,-3.641337536,-2.408829166,-1.695682806,-3.659137368,-4.031895507,-3.397946586,-3.057253618,-3.131906355,-3.715610093,-2.908339361,-3.853321205,-2.34367722,-1.180902532
no,2.522006481,0.967063081,2.986735482,2.809303399,2.658898134,3.194649888,-2.50983173,-2.763196588,-3.282254957,-3.620482736,-3.522384391,-2.285590471,-2.294219131,-2.580509103,-3.810965636,-4.515229555,-3.247277335,-2.98308655,-3.166868457,-2.583394265,-3.659467783,-2.473696679,-1.149741696